[INFO] Scanning for projects...
[INFO] 
[INFO] -------------------< com.team6:SportSwearShopSystem >-------------------
[INFO] Building sport-swear-shop-system 0.0.1-SNAPSHOT
[INFO]   from pom.xml
[INFO] --------------------------------[ war ]---------------------------------
[INFO] 
[INFO] >>> spring-boot:3.2.6:run (default-cli) > test-compile @ SportSwearShopSystem >>>
[INFO] 
[INFO] --- resources:3.3.1:resources (default-resources) @ SportSwearShopSystem ---
[INFO] Copying 4 resources from src\main\resources to target\classes
[INFO] Copying 0 resource from src\main\resources to target\classes
[INFO] 
[INFO] --- compiler:3.11.0:compile (default-compile) @ SportSwearShopSystem ---
[INFO] Nothing to compile - all classes are up to date
[INFO] 
[INFO] --- resources:3.3.1:testResources (default-testResources) @ SportSwearShopSystem ---
[INFO] skip non existing resourceDirectory D:\FPTK8\PRM\sportswear-shop-system\backend\src\test\resources
[INFO] 
[INFO] --- compiler:3.11.0:testCompile (default-testCompile) @ SportSwearShopSystem ---
[INFO] Nothing to compile - all classes are up to date
[INFO] 
[INFO] <<< spring-boot:3.2.6:run (default-cli) < test-compile @ SportSwearShopSystem <<<
[INFO] 
[INFO] 
[INFO] --- spring-boot:3.2.6:run (default-cli) @ SportSwearShopSystem ---
[INFO] Attaching agents: []

  .   ____          _            __ _ _
 /\\ / ___'_ __ _ _(_)_ __  __ _ \ \ \ \
( ( )\___ | '_ | '_| | '_ \/ _` | \ \ \ \
 \\/  ___)| |_)| | | | | || (_| |  ) ) ) )
  '  |____| .__|_| |_|_| |_\__, | / / / /
 =========|_|==============|___/=/_/_/_/
 :: Spring Boot ::                (v3.2.6)

2026-06-15T23:39:57.236+07:00  INFO 24632 --- [SportSwearShopSystem] [           main] c.t.e.EcommercesystemApplication         : Starting EcommercesystemApplication using Java 21.0.10 with PID 24632 (D:\FPTK8\PRM\sportswear-shop-system\backend\target\classes started by quyet in D:\FPTK8\PRM\sportswear-shop-system\backend)
2026-06-15T23:39:57.240+07:00  INFO 24632 --- [SportSwearShopSystem] [           main] c.t.e.EcommercesystemApplication         : The following 1 profile is active: "dev"
2026-06-15T23:39:57.241+07:00 DEBUG 24632 --- [SportSwearShopSystem] [           main] o.s.boot.SpringApplication               : Loading source class com.team6.ecommercesystem.EcommercesystemApplication
2026-06-15T23:39:57.312+07:00 DEBUG 24632 --- [SportSwearShopSystem] [           main] ConfigServletWebServerApplicationContext : Refreshing org.springframework.boot.web.servlet.context.AnnotationConfigServletWebServerApplicationContext@c667f46
2026-06-15T23:39:59.045+07:00  INFO 24632 --- [SportSwearShopSystem] [           main] .s.d.r.c.RepositoryConfigurationDelegate : Multiple Spring Data modules found, entering strict repository configuration mode
2026-06-15T23:39:59.047+07:00  INFO 24632 --- [SportSwearShopSystem] [           main] .s.d.r.c.RepositoryConfigurationDelegate : Bootstrapping Spring Data JPA repositories in DEFAULT mode.
2026-06-15T23:39:59.074+07:00 DEBUG 24632 --- [SportSwearShopSystem] [           main] o.s.b.a.AutoConfigurationPackages        : @EnableAutoConfiguration was declared on a class in the package 'com.team6.ecommercesystem'. Automatic @Repository and @Entity scanning is enabled.
2026-06-15T23:39:59.138+07:00  INFO 24632 --- [SportSwearShopSystem] [           main] .RepositoryConfigurationExtensionSupport : Spring Data JPA - Could not safely identify store assignment for repository candidate interface com.team6.ecommercesystem.repository.BlacklistedAccessTokenRepository; If you want this repository to be a JPA repository, consider annotating your entities with one of these annotations: jakarta.persistence.Entity, jakarta.persistence.MappedSuperclass (preferred), or consider extending one of the following types with your repository: org.springframework.data.jpa.repository.JpaRepository
2026-06-15T23:39:59.300+07:00  INFO 24632 --- [SportSwearShopSystem] [           main] .s.d.r.c.RepositoryConfigurationDelegate : Finished Spring Data repository scanning in 241 ms. Found 22 JPA repository interfaces.
2026-06-15T23:39:59.331+07:00  INFO 24632 --- [SportSwearShopSystem] [           main] .s.d.r.c.RepositoryConfigurationDelegate : Multiple Spring Data modules found, entering strict repository configuration mode
2026-06-15T23:39:59.333+07:00  INFO 24632 --- [SportSwearShopSystem] [           main] .s.d.r.c.RepositoryConfigurationDelegate : Bootstrapping Spring Data Redis repositories in DEFAULT mode.
2026-06-15T23:39:59.358+07:00  INFO 24632 --- [SportSwearShopSystem] [           main] .RepositoryConfigurationExtensionSupport : Spring Data Redis - Could not safely identify store assignment for repository candidate interface com.team6.ecommercesystem.repository.BrandRepository; If you want this repository to be a Redis repository, consider annotating your entities with one of these annotations: org.springframework.data.redis.core.RedisHash (preferred), or consider extending one of the following types with your repository: org.springframework.data.keyvalue.repository.KeyValueRepository
2026-06-15T23:39:59.359+07:00  INFO 24632 --- [SportSwearShopSystem] [           main] .RepositoryConfigurationExtensionSupport : Spring Data Redis - Could not safely identify store assignment for repository candidate interface com.team6.ecommercesystem.repository.CartRepository; If you want this repository to be a Redis repository, consider annotating your entities with one of these annotations: org.springframework.data.redis.core.RedisHash (preferred), or consider extending one of the following types with your repository: org.springframework.data.keyvalue.repository.KeyValueRepository
2026-06-15T23:39:59.359+07:00  INFO 24632 --- [SportSwearShopSystem] [           main] .RepositoryConfigurationExtensionSupport : Spring Data Redis - Could not safely identify store assignment for repository candidate interface com.team6.ecommercesystem.repository.CategoryRepository; If you want this repository to be a Redis repository, consider annotating your entities with one of these annotations: org.springframework.data.redis.core.RedisHash (preferred), or consider extending one of the following types with your repository: org.springframework.data.keyvalue.repository.KeyValueRepository
2026-06-15T23:39:59.359+07:00  INFO 24632 --- [SportSwearShopSystem] [           main] .RepositoryConfigurationExtensionSupport : Spring Data Redis - Could not safely identify store assignment for repository candidate interface com.team6.ecommercesystem.repository.ChatMessageRepository; If you want this repository to be a Redis repository, consider annotating your entities with one of these annotations: org.springframework.data.redis.core.RedisHash (preferred), or consider extending one of the following types with your repository: org.springframework.data.keyvalue.repository.KeyValueRepository
2026-06-15T23:39:59.360+07:00  INFO 24632 --- [SportSwearShopSystem] [           main] .RepositoryConfigurationExtensionSupport : Spring Data Redis - Could not safely identify store assignment for repository candidate interface com.team6.ecommercesystem.repository.ChatRoomRepository; If you want this repository to be a Redis repository, consider annotating your entities with one of these annotations: org.springframework.data.redis.core.RedisHash (preferred), or consider extending one of the following types with your repository: org.springframework.data.keyvalue.repository.KeyValueRepository
2026-06-15T23:39:59.361+07:00  INFO 24632 --- [SportSwearShopSystem] [           main] .RepositoryConfigurationExtensionSupport : Spring Data Redis - Could not safely identify store assignment for repository candidate interface com.team6.ecommercesystem.repository.CollectionProductRepository; If you want this repository to be a Redis repository, consider annotating your entities with one of these annotations: org.springframework.data.redis.core.RedisHash (preferred), or consider extending one of the following types with your repository: org.springframework.data.keyvalue.repository.KeyValueRepository
2026-06-15T23:39:59.361+07:00  INFO 24632 --- [SportSwearShopSystem] [           main] .RepositoryConfigurationExtensionSupport : Spring Data Redis - Could not safely identify store assignment for repository candidate interface com.team6.ecommercesystem.repository.CollectionRepository; If you want this repository to be a Redis repository, consider annotating your entities with one of these annotations: org.springframework.data.redis.core.RedisHash (preferred), or consider extending one of the following types with your repository: org.springframework.data.keyvalue.repository.KeyValueRepository
2026-06-15T23:39:59.362+07:00  INFO 24632 --- [SportSwearShopSystem] [           main] .RepositoryConfigurationExtensionSupport : Spring Data Redis - Could not safely identify store assignment for repository candidate interface com.team6.ecommercesystem.repository.DeliveryReportRepository; If you want this repository to be a Redis repository, consider annotating your entities with one of these annotations: org.springframework.data.redis.core.RedisHash (preferred), or consider extending one of the following types with your repository: org.springframework.data.keyvalue.repository.KeyValueRepository
2026-06-15T23:39:59.362+07:00  INFO 24632 --- [SportSwearShopSystem] [           main] .RepositoryConfigurationExtensionSupport : Spring Data Redis - Could not safely identify store assignment for repository candidate interface com.team6.ecommercesystem.repository.LeaveRequestRepository; If you want this repository to be a Redis repository, consider annotating your entities with one of these annotations: org.springframework.data.redis.core.RedisHash (preferred), or consider extending one of the following types with your repository: org.springframework.data.keyvalue.repository.KeyValueRepository
2026-06-15T23:39:59.362+07:00  INFO 24632 --- [SportSwearShopSystem] [           main] .RepositoryConfigurationExtensionSupport : Spring Data Redis - Could not safely identify store assignment for repository candidate interface com.team6.ecommercesystem.repository.OrderAssignmentRepository; If you want this repository to be a Redis repository, consider annotating your entities with one of these annotations: org.springframework.data.redis.core.RedisHash (preferred), or consider extending one of the following types with your repository: org.springframework.data.keyvalue.repository.KeyValueRepository
2026-06-15T23:39:59.362+07:00  INFO 24632 --- [SportSwearShopSystem] [           main] .RepositoryConfigurationExtensionSupport : Spring Data Redis - Could not safely identify store assignment for repository candidate interface com.team6.ecommercesystem.repository.OrderRepository; If you want this repository to be a Redis repository, consider annotating your entities with one of these annotations: org.springframework.data.redis.core.RedisHash (preferred), or consider extending one of the following types with your repository: org.springframework.data.keyvalue.repository.KeyValueRepository
2026-06-15T23:39:59.364+07:00  INFO 24632 --- [SportSwearShopSystem] [           main] .RepositoryConfigurationExtensionSupport : Spring Data Redis - Could not safely identify store assignment for repository candidate interface com.team6.ecommercesystem.repository.PasswordResetTokenRepository; If you want this repository to be a Redis repository, consider annotating your entities with one of these annotations: org.springframework.data.redis.core.RedisHash (preferred), or consider extending one of the following types with your repository: org.springframework.data.keyvalue.repository.KeyValueRepository
2026-06-15T23:39:59.364+07:00  INFO 24632 --- [SportSwearShopSystem] [           main] .RepositoryConfigurationExtensionSupport : Spring Data Redis - Could not safely identify store assignment for repository candidate interface com.team6.ecommercesystem.repository.ProductImageRepository; If you want this repository to be a Redis repository, consider annotating your entities with one of these annotations: org.springframework.data.redis.core.RedisHash (preferred), or consider extending one of the following types with your repository: org.springframework.data.keyvalue.repository.KeyValueRepository
2026-06-15T23:39:59.365+07:00  INFO 24632 --- [SportSwearShopSystem] [           main] .RepositoryConfigurationExtensionSupport : Spring Data Redis - Could not safely identify store assignment for repository candidate interface com.team6.ecommercesystem.repository.ProductRepository; If you want this repository to be a Redis repository, consider annotating your entities with one of these annotations: org.springframework.data.redis.core.RedisHash (preferred), or consider extending one of the following types with your repository: org.springframework.data.keyvalue.repository.KeyValueRepository
2026-06-15T23:39:59.365+07:00  INFO 24632 --- [SportSwearShopSystem] [           main] .RepositoryConfigurationExtensionSupport : Spring Data Redis - Could not safely identify store assignment for repository candidate interface com.team6.ecommercesystem.repository.ProductVariantRepository; If you want this repository to be a Redis repository, consider annotating your entities with one of these annotations: org.springframework.data.redis.core.RedisHash (preferred), or consider extending one of the following types with your repository: org.springframework.data.keyvalue.repository.KeyValueRepository
2026-06-15T23:39:59.365+07:00  INFO 24632 --- [SportSwearShopSystem] [           main] .RepositoryConfigurationExtensionSupport : Spring Data Redis - Could not safely identify store assignment for repository candidate interface com.team6.ecommercesystem.repository.RoleRepository; If you want this repository to be a Redis repository, consider annotating your entities with one of these annotations: org.springframework.data.redis.core.RedisHash (preferred), or consider extending one of the following types with your repository: org.springframework.data.keyvalue.repository.KeyValueRepository
2026-06-15T23:39:59.366+07:00  INFO 24632 --- [SportSwearShopSystem] [           main] .RepositoryConfigurationExtensionSupport : Spring Data Redis - Could not safely identify store assignment for repository candidate interface com.team6.ecommercesystem.repository.SportRepository; If you want this repository to be a Redis repository, consider annotating your entities with one of these annotations: org.springframework.data.redis.core.RedisHash (preferred), or consider extending one of the following types with your repository: org.springframework.data.keyvalue.repository.KeyValueRepository
2026-06-15T23:39:59.366+07:00  INFO 24632 --- [SportSwearShopSystem] [           main] .RepositoryConfigurationExtensionSupport : Spring Data Redis - Could not safely identify store assignment for repository candidate interface com.team6.ecommercesystem.repository.SystemSettingRepository; If you want this repository to be a Redis repository, consider annotating your entities with one of these annotations: org.springframework.data.redis.core.RedisHash (preferred), or consider extending one of the following types with your repository: org.springframework.data.keyvalue.repository.KeyValueRepository
2026-06-15T23:39:59.366+07:00  INFO 24632 --- [SportSwearShopSystem] [           main] .RepositoryConfigurationExtensionSupport : Spring Data Redis - Could not safely identify store assignment for repository candidate interface com.team6.ecommercesystem.repository.UserAddressRepository; If you want this repository to be a Redis repository, consider annotating your entities with one of these annotations: org.springframework.data.redis.core.RedisHash (preferred), or consider extending one of the following types with your repository: org.springframework.data.keyvalue.repository.KeyValueRepository
2026-06-15T23:39:59.367+07:00  INFO 24632 --- [SportSwearShopSystem] [           main] .RepositoryConfigurationExtensionSupport : Spring Data Redis - Could not safely identify store assignment for repository candidate interface com.team6.ecommercesystem.repository.UserRepository; If you want this repository to be a Redis repository, consider annotating your entities with one of these annotations: org.springframework.data.redis.core.RedisHash (preferred), or consider extending one of the following types with your repository: org.springframework.data.keyvalue.repository.KeyValueRepository
2026-06-15T23:39:59.369+07:00  INFO 24632 --- [SportSwearShopSystem] [           main] .RepositoryConfigurationExtensionSupport : Spring Data Redis - Could not safely identify store assignment for repository candidate interface com.team6.ecommercesystem.repository.ValidRefreshTokenRepository; If you want this repository to be a Redis repository, consider annotating your entities with one of these annotations: org.springframework.data.redis.core.RedisHash (preferred), or consider extending one of the following types with your repository: org.springframework.data.keyvalue.repository.KeyValueRepository
2026-06-15T23:39:59.371+07:00  INFO 24632 --- [SportSwearShopSystem] [           main] .RepositoryConfigurationExtensionSupport : Spring Data Redis - Could not safely identify store assignment for repository candidate interface com.team6.ecommercesystem.repository.WorkShiftRepository; If you want this repository to be a Redis repository, consider annotating your entities with one of these annotations: org.springframework.data.redis.core.RedisHash (preferred), or consider extending one of the following types with your repository: org.springframework.data.keyvalue.repository.KeyValueRepository
2026-06-15T23:39:59.382+07:00  INFO 24632 --- [SportSwearShopSystem] [           main] .s.d.r.c.RepositoryConfigurationDelegate : Finished Spring Data repository scanning in 33 ms. Found 1 Redis repository interface.
2026-06-15T23:40:00.774+07:00 DEBUG 24632 --- [SportSwearShopSystem] [           main] .s.b.w.e.t.TomcatServletWebServerFactory : Code archive: C:\Users\quyet\.m2\repository\org\springframework\boot\spring-boot\3.2.6\spring-boot-3.2.6.jar
2026-06-15T23:40:00.776+07:00 DEBUG 24632 --- [SportSwearShopSystem] [           main] .s.b.w.e.t.TomcatServletWebServerFactory : Code archive: C:\Users\quyet\.m2\repository\org\springframework\boot\spring-boot\3.2.6\spring-boot-3.2.6.jar
2026-06-15T23:40:00.776+07:00 DEBUG 24632 --- [SportSwearShopSystem] [           main] .s.b.w.e.t.TomcatServletWebServerFactory : None of the document roots [src/main/webapp, public, static] point to a directory and will be ignored.
2026-06-15T23:40:00.813+07:00  INFO 24632 --- [SportSwearShopSystem] [           main] o.s.b.w.embedded.tomcat.TomcatWebServer  : Tomcat initialized with port 8080 (http)
2026-06-15T23:40:00.845+07:00  INFO 24632 --- [SportSwearShopSystem] [           main] o.apache.catalina.core.StandardService   : Starting service [Tomcat]
2026-06-15T23:40:00.845+07:00  INFO 24632 --- [SportSwearShopSystem] [           main] o.apache.catalina.core.StandardEngine    : Starting Servlet engine: [Apache Tomcat/10.1.24]
2026-06-15T23:40:01.014+07:00  INFO 24632 --- [SportSwearShopSystem] [           main] o.a.c.c.C.[Tomcat].[localhost].[/]       : Initializing Spring embedded WebApplicationContext
2026-06-15T23:40:01.015+07:00 DEBUG 24632 --- [SportSwearShopSystem] [           main] w.s.c.ServletWebServerApplicationContext : Published root WebApplicationContext as ServletContext attribute with name [org.springframework.web.context.WebApplicationContext.ROOT]
2026-06-15T23:40:01.016+07:00  INFO 24632 --- [SportSwearShopSystem] [           main] w.s.c.ServletWebServerApplicationContext : Root WebApplicationContext: initialization completed in 3703 ms
2026-06-15T23:40:01.068+07:00 DEBUG 24632 --- [SportSwearShopSystem] [           main] o.s.b.w.s.ServletContextInitializerBeans : Mapping filters: springSecurityFilterChain urls=[/*] order=-100, characterEncodingFilter urls=[/*] order=-2147483648, formContentFilter urls=[/*] order=-9900, requestContextFilter urls=[/*] order=-105
2026-06-15T23:40:01.069+07:00 DEBUG 24632 --- [SportSwearShopSystem] [           main] o.s.b.w.s.ServletContextInitializerBeans : Mapping servlets: dispatcherServlet urls=[/]
2026-06-15T23:40:01.106+07:00 DEBUG 24632 --- [SportSwearShopSystem] [           main] o.s.b.w.s.f.OrderedRequestContextFilter  : Filter 'requestContextFilter' configured for use
2026-06-15T23:40:01.109+07:00 DEBUG 24632 --- [SportSwearShopSystem] [           main] s.b.w.s.f.OrderedCharacterEncodingFilter : Filter 'characterEncodingFilter' configured for use
2026-06-15T23:40:01.109+07:00 DEBUG 24632 --- [SportSwearShopSystem] [           main] .DelegatingFilterProxyRegistrationBean$1 : Filter 'springSecurityFilterChain' configured for use
2026-06-15T23:40:01.109+07:00 DEBUG 24632 --- [SportSwearShopSystem] [           main] o.s.b.w.s.f.OrderedFormContentFilter     : Filter 'formContentFilter' configured for use
2026-06-15T23:40:01.376+07:00  INFO 24632 --- [SportSwearShopSystem] [           main] o.hibernate.jpa.internal.util.LogHelper  : HHH000204: Processing PersistenceUnitInfo [name: default]
2026-06-15T23:40:01.530+07:00  INFO 24632 --- [SportSwearShopSystem] [           main] org.hibernate.Version                    : HHH000412: Hibernate ORM core version 6.4.8.Final
2026-06-15T23:40:01.595+07:00  INFO 24632 --- [SportSwearShopSystem] [           main] o.h.c.internal.RegionFactoryInitiator    : HHH000026: Second-level cache disabled
2026-06-15T23:40:01.985+07:00  INFO 24632 --- [SportSwearShopSystem] [           main] o.s.o.j.p.SpringPersistenceUnitInfo      : No LoadTimeWeaver setup: ignoring JPA class transformer
2026-06-15T23:40:02.029+07:00  INFO 24632 --- [SportSwearShopSystem] [           main] com.zaxxer.hikari.HikariDataSource       : HikariPool-1 - Starting...
2026-06-15T23:40:02.331+07:00  INFO 24632 --- [SportSwearShopSystem] [           main] com.zaxxer.hikari.pool.HikariPool        : HikariPool-1 - Added connection org.postgresql.jdbc.PgConnection@7aa3857b
2026-06-15T23:40:02.332+07:00  INFO 24632 --- [SportSwearShopSystem] [           main] com.zaxxer.hikari.HikariDataSource       : HikariPool-1 - Start completed.
2026-06-15T23:40:06.523+07:00  INFO 24632 --- [SportSwearShopSystem] [           main] o.h.e.t.j.p.i.JtaPlatformInitiator       : HHH000489: No JTA platform available (set 'hibernate.transaction.jta.platform' to enable JTA platform integration)
2026-06-15T23:40:06.599+07:00 DEBUG 24632 --- [SportSwearShopSystem] [           main] org.hibernate.SQL                        : 
    alter table if exists cart_items 
       drop constraint if exists FKpcttvuq4mxppo8sxggjtn5i2c
Hibernate: 
    alter table if exists cart_items 
       drop constraint if exists FKpcttvuq4mxppo8sxggjtn5i2c
2026-06-15T23:40:06.629+07:00 DEBUG 24632 --- [SportSwearShopSystem] [           main] org.hibernate.SQL                        : 
    alter table if exists cart_items 
       drop constraint if exists FK5yyw1o0dor9gmxfra1dqvn4qa
Hibernate: 
    alter table if exists cart_items 
       drop constraint if exists FK5yyw1o0dor9gmxfra1dqvn4qa
2026-06-15T23:40:06.633+07:00 DEBUG 24632 --- [SportSwearShopSystem] [           main] org.hibernate.SQL                        : 
    alter table if exists carts 
       drop constraint if exists FKb5o626f86h46m4s7ms6ginnop
Hibernate: 
    alter table if exists carts 
       drop constraint if exists FKb5o626f86h46m4s7ms6ginnop
2026-06-15T23:40:06.636+07:00 DEBUG 24632 --- [SportSwearShopSystem] [           main] org.hibernate.SQL                        : 
    alter table if exists categories 
       drop constraint if exists FKsaok720gsu4u2wrgbk10b5n8d
Hibernate: 
    alter table if exists categories 
       drop constraint if exists FKsaok720gsu4u2wrgbk10b5n8d
2026-06-15T23:40:06.638+07:00 DEBUG 24632 --- [SportSwearShopSystem] [           main] org.hibernate.SQL                        : 
    alter table if exists chat_messages 
       drop constraint if exists FKhalwepod3944695ji0suwoqb9
Hibernate: 
    alter table if exists chat_messages 
       drop constraint if exists FKhalwepod3944695ji0suwoqb9
2026-06-15T23:40:06.639+07:00 DEBUG 24632 --- [SportSwearShopSystem] [           main] org.hibernate.SQL                        : 
    alter table if exists collection_products 
       drop constraint if exists FKaxoi4xo8kxr6ybr4agejey9p5
Hibernate: 
    alter table if exists collection_products 
       drop constraint if exists FKaxoi4xo8kxr6ybr4agejey9p5
2026-06-15T23:40:06.642+07:00 DEBUG 24632 --- [SportSwearShopSystem] [           main] org.hibernate.SQL                        : 
    alter table if exists collection_products 
       drop constraint if exists FKnqyubvcgf8srsg8mm77sbrtvs
Hibernate: 
    alter table if exists collection_products 
       drop constraint if exists FKnqyubvcgf8srsg8mm77sbrtvs
2026-06-15T23:40:06.643+07:00 DEBUG 24632 --- [SportSwearShopSystem] [           main] org.hibernate.SQL                        : 
    alter table if exists delivery_reports 
       drop constraint if exists FK21rdw7xsldxjtxdcego405kun
Hibernate: 
    alter table if exists delivery_reports 
       drop constraint if exists FK21rdw7xsldxjtxdcego405kun
2026-06-15T23:40:06.658+07:00 DEBUG 24632 --- [SportSwearShopSystem] [           main] org.hibernate.SQL                        : 
    alter table if exists delivery_reports 
       drop constraint if exists FK6gp05ilyybifdoltgnxc9rnqw
Hibernate: 
    alter table if exists delivery_reports 
       drop constraint if exists FK6gp05ilyybifdoltgnxc9rnqw
2026-06-15T23:40:06.660+07:00 DEBUG 24632 --- [SportSwearShopSystem] [           main] org.hibernate.SQL                        : 
    alter table if exists leave_requests 
       drop constraint if exists FKc224br6frm347slysy9yan7pa
Hibernate: 
    alter table if exists leave_requests 
       drop constraint if exists FKc224br6frm347slysy9yan7pa
2026-06-15T23:40:06.661+07:00 DEBUG 24632 --- [SportSwearShopSystem] [           main] org.hibernate.SQL                        : 
    alter table if exists leave_requests 
       drop constraint if exists FKh6s8bo5d59oy52b6nxfguf4yx
Hibernate: 
    alter table if exists leave_requests 
       drop constraint if exists FKh6s8bo5d59oy52b6nxfguf4yx
2026-06-15T23:40:06.663+07:00 DEBUG 24632 --- [SportSwearShopSystem] [           main] org.hibernate.SQL                        : 
    alter table if exists order_assignments 
       drop constraint if exists FKnk4qg6khhmtb1kut6jphhpi8i
Hibernate: 
    alter table if exists order_assignments 
       drop constraint if exists FKnk4qg6khhmtb1kut6jphhpi8i
2026-06-15T23:40:06.664+07:00 DEBUG 24632 --- [SportSwearShopSystem] [           main] org.hibernate.SQL                        : 
    alter table if exists order_assignments 
       drop constraint if exists FKhhu5nv7c14yxx28s4fotonkkk
Hibernate: 
    alter table if exists order_assignments 
       drop constraint if exists FKhhu5nv7c14yxx28s4fotonkkk
2026-06-15T23:40:06.666+07:00 DEBUG 24632 --- [SportSwearShopSystem] [           main] org.hibernate.SQL                        : 
    alter table if exists order_assignments 
       drop constraint if exists FK3fgup8al6m8vcb3rh0fum4rrk
Hibernate: 
    alter table if exists order_assignments 
       drop constraint if exists FK3fgup8al6m8vcb3rh0fum4rrk
2026-06-15T23:40:06.669+07:00 DEBUG 24632 --- [SportSwearShopSystem] [           main] org.hibernate.SQL                        : 
    alter table if exists order_items 
       drop constraint if exists FKbioxgbv59vetrxe0ejfubep1w
Hibernate: 
    alter table if exists order_items 
       drop constraint if exists FKbioxgbv59vetrxe0ejfubep1w
2026-06-15T23:40:06.671+07:00 DEBUG 24632 --- [SportSwearShopSystem] [           main] org.hibernate.SQL                        : 
    alter table if exists order_items 
       drop constraint if exists FKemq71edpbn9wsxnxncfn1algp
Hibernate: 
    alter table if exists order_items 
       drop constraint if exists FKemq71edpbn9wsxnxncfn1algp
2026-06-15T23:40:06.673+07:00 DEBUG 24632 --- [SportSwearShopSystem] [           main] org.hibernate.SQL                        : 
    alter table if exists orders 
       drop constraint if exists FK32ql8ubntj5uh44ph9659tiih
Hibernate: 
    alter table if exists orders 
       drop constraint if exists FK32ql8ubntj5uh44ph9659tiih
2026-06-15T23:40:06.675+07:00 DEBUG 24632 --- [SportSwearShopSystem] [           main] org.hibernate.SQL                        : 
    alter table if exists password_reset_token 
       drop constraint if exists FK83nsrttkwkb6ym0anu051mtxn
Hibernate: 
    alter table if exists password_reset_token 
       drop constraint if exists FK83nsrttkwkb6ym0anu051mtxn
2026-06-15T23:40:06.676+07:00 DEBUG 24632 --- [SportSwearShopSystem] [           main] org.hibernate.SQL                        : 
    alter table if exists product_images 
       drop constraint if exists FKqnqjv00ocaxfmu2k6b99ycdad
Hibernate: 
    alter table if exists product_images 
       drop constraint if exists FKqnqjv00ocaxfmu2k6b99ycdad
2026-06-15T23:40:06.678+07:00 DEBUG 24632 --- [SportSwearShopSystem] [           main] org.hibernate.SQL                        : 
    alter table if exists product_variants 
       drop constraint if exists FKosqitn4s405cynmhb87lkvuau
Hibernate: 
    alter table if exists product_variants 
       drop constraint if exists FKosqitn4s405cynmhb87lkvuau
2026-06-15T23:40:06.680+07:00 DEBUG 24632 --- [SportSwearShopSystem] [           main] org.hibernate.SQL                        : 
    alter table if exists products 
       drop constraint if exists FKa3a4mpsfdf4d2y6r8ra3sc8mv
Hibernate: 
    alter table if exists products 
       drop constraint if exists FKa3a4mpsfdf4d2y6r8ra3sc8mv
2026-06-15T23:40:06.681+07:00 DEBUG 24632 --- [SportSwearShopSystem] [           main] org.hibernate.SQL                        : 
    alter table if exists products 
       drop constraint if exists FKog2rp4qthbtt2lfyhfo32lsw9
Hibernate: 
    alter table if exists products 
       drop constraint if exists FKog2rp4qthbtt2lfyhfo32lsw9
2026-06-15T23:40:06.683+07:00 DEBUG 24632 --- [SportSwearShopSystem] [           main] org.hibernate.SQL                        : 
    alter table if exists products 
       drop constraint if exists FKcxxrw6itsu6s6l4i463rnwh6v
Hibernate: 
    alter table if exists products 
       drop constraint if exists FKcxxrw6itsu6s6l4i463rnwh6v
2026-06-15T23:40:06.687+07:00 DEBUG 24632 --- [SportSwearShopSystem] [           main] org.hibernate.SQL                        : 
    alter table if exists user_addresses 
       drop constraint if exists FKn2fisxyyu3l9wlch3ve2nocgp
Hibernate: 
    alter table if exists user_addresses 
       drop constraint if exists FKn2fisxyyu3l9wlch3ve2nocgp
2026-06-15T23:40:06.689+07:00 DEBUG 24632 --- [SportSwearShopSystem] [           main] org.hibernate.SQL                        : 
    alter table if exists users 
       drop constraint if exists FKp56c1712k691lhsyewcssf40f
Hibernate: 
    alter table if exists users 
       drop constraint if exists FKp56c1712k691lhsyewcssf40f
2026-06-15T23:40:06.690+07:00 DEBUG 24632 --- [SportSwearShopSystem] [           main] org.hibernate.SQL                        : 
    alter table if exists valid_refresh_tokens 
       drop constraint if exists FKkp9ek9g1oiey5ysyxtvhvwpg7
Hibernate: 
    alter table if exists valid_refresh_tokens 
       drop constraint if exists FKkp9ek9g1oiey5ysyxtvhvwpg7
2026-06-15T23:40:06.692+07:00 DEBUG 24632 --- [SportSwearShopSystem] [           main] org.hibernate.SQL                        : 
    alter table if exists work_shifts 
       drop constraint if exists FK3oa821cd9hu32c47xi87wo0ni
Hibernate: 
    alter table if exists work_shifts 
       drop constraint if exists FK3oa821cd9hu32c47xi87wo0ni
2026-06-15T23:40:06.693+07:00 DEBUG 24632 --- [SportSwearShopSystem] [           main] org.hibernate.SQL                        : 
    drop table if exists brands cascade
Hibernate: 
    drop table if exists brands cascade
2026-06-15T23:40:06.713+07:00 DEBUG 24632 --- [SportSwearShopSystem] [           main] org.hibernate.SQL                        : 
    drop table if exists cart_items cascade
Hibernate: 
    drop table if exists cart_items cascade
2026-06-15T23:40:06.716+07:00 DEBUG 24632 --- [SportSwearShopSystem] [           main] org.hibernate.SQL                        : 
    drop table if exists carts cascade
Hibernate: 
    drop table if exists carts cascade
2026-06-15T23:40:06.728+07:00 DEBUG 24632 --- [SportSwearShopSystem] [           main] org.hibernate.SQL                        : 
    drop table if exists categories cascade
Hibernate: 
    drop table if exists categories cascade
2026-06-15T23:40:06.736+07:00 DEBUG 24632 --- [SportSwearShopSystem] [           main] org.hibernate.SQL                        : 
    drop table if exists chat_messages cascade
Hibernate: 
    drop table if exists chat_messages cascade
2026-06-15T23:40:06.740+07:00 DEBUG 24632 --- [SportSwearShopSystem] [           main] org.hibernate.SQL                        : 
    drop table if exists chat_rooms cascade
Hibernate: 
    drop table if exists chat_rooms cascade
2026-06-15T23:40:06.749+07:00 DEBUG 24632 --- [SportSwearShopSystem] [           main] org.hibernate.SQL                        : 
    drop table if exists collection_products cascade
Hibernate: 
    drop table if exists collection_products cascade
2026-06-15T23:40:06.753+07:00 DEBUG 24632 --- [SportSwearShopSystem] [           main] org.hibernate.SQL                        : 
    drop table if exists collections cascade
Hibernate: 
    drop table if exists collections cascade
2026-06-15T23:40:06.758+07:00 DEBUG 24632 --- [SportSwearShopSystem] [           main] org.hibernate.SQL                        : 
    drop table if exists delivery_reports cascade
Hibernate: 
    drop table if exists delivery_reports cascade
2026-06-15T23:40:06.763+07:00 DEBUG 24632 --- [SportSwearShopSystem] [           main] org.hibernate.SQL                        : 
    drop table if exists leave_requests cascade
Hibernate: 
    drop table if exists leave_requests cascade
2026-06-15T23:40:06.769+07:00 DEBUG 24632 --- [SportSwearShopSystem] [           main] org.hibernate.SQL                        : 
    drop table if exists order_assignments cascade
Hibernate: 
    drop table if exists order_assignments cascade
2026-06-15T23:40:06.773+07:00 DEBUG 24632 --- [SportSwearShopSystem] [           main] org.hibernate.SQL                        : 
    drop table if exists order_items cascade
Hibernate: 
    drop table if exists order_items cascade
2026-06-15T23:40:06.776+07:00 DEBUG 24632 --- [SportSwearShopSystem] [           main] org.hibernate.SQL                        : 
    drop table if exists orders cascade
Hibernate: 
    drop table if exists orders cascade
2026-06-15T23:40:06.782+07:00 DEBUG 24632 --- [SportSwearShopSystem] [           main] org.hibernate.SQL                        : 
    drop table if exists password_reset_token cascade
Hibernate: 
    drop table if exists password_reset_token cascade
2026-06-15T23:40:06.787+07:00 DEBUG 24632 --- [SportSwearShopSystem] [           main] org.hibernate.SQL                        : 
    drop table if exists product_images cascade
Hibernate: 
    drop table if exists product_images cascade
2026-06-15T23:40:06.789+07:00 DEBUG 24632 --- [SportSwearShopSystem] [           main] org.hibernate.SQL                        : 
    drop table if exists product_variants cascade
Hibernate: 
    drop table if exists product_variants cascade
2026-06-15T23:40:06.795+07:00 DEBUG 24632 --- [SportSwearShopSystem] [           main] org.hibernate.SQL                        : 
    drop table if exists products cascade
Hibernate: 
    drop table if exists products cascade
2026-06-15T23:40:06.800+07:00 DEBUG 24632 --- [SportSwearShopSystem] [           main] org.hibernate.SQL                        : 
    drop table if exists roles cascade
Hibernate: 
    drop table if exists roles cascade
2026-06-15T23:40:06.806+07:00 DEBUG 24632 --- [SportSwearShopSystem] [           main] org.hibernate.SQL                        : 
    drop table if exists sports cascade
Hibernate: 
    drop table if exists sports cascade
2026-06-15T23:40:06.811+07:00 DEBUG 24632 --- [SportSwearShopSystem] [           main] org.hibernate.SQL                        : 
    drop table if exists system_settings cascade
Hibernate: 
    drop table if exists system_settings cascade
2026-06-15T23:40:06.816+07:00 DEBUG 24632 --- [SportSwearShopSystem] [           main] org.hibernate.SQL                        : 
    drop table if exists user_addresses cascade
Hibernate: 
    drop table if exists user_addresses cascade
2026-06-15T23:40:06.821+07:00 DEBUG 24632 --- [SportSwearShopSystem] [           main] org.hibernate.SQL                        : 
    drop table if exists users cascade
Hibernate: 
    drop table if exists users cascade
2026-06-15T23:40:06.828+07:00 DEBUG 24632 --- [SportSwearShopSystem] [           main] org.hibernate.SQL                        : 
    drop table if exists valid_refresh_tokens cascade
Hibernate: 
    drop table if exists valid_refresh_tokens cascade
2026-06-15T23:40:06.833+07:00 DEBUG 24632 --- [SportSwearShopSystem] [           main] org.hibernate.SQL                        : 
    drop table if exists work_shifts cascade
Hibernate: 
    drop table if exists work_shifts cascade
2026-06-15T23:40:06.847+07:00 DEBUG 24632 --- [SportSwearShopSystem] [           main] org.hibernate.SQL                        : 
    create table brands (
        is_active boolean default true not null,
        created_at timestamp(6),
        id bigserial not null,
        updated_at timestamp(6),
        banner varchar(1000),
        logo varchar(1000),
        brand_name varchar(255),
        description TEXT,
        slug varchar(255) not null unique,
        primary key (id)
    )
Hibernate: 
    create table brands (
        is_active boolean default true not null,
        created_at timestamp(6),
        id bigserial not null,
        updated_at timestamp(6),
        banner varchar(1000),
        logo varchar(1000),
        brand_name varchar(255),
        description TEXT,
        slug varchar(255) not null unique,
        primary key (id)
    )
2026-06-15T23:40:06.875+07:00 DEBUG 24632 --- [SportSwearShopSystem] [           main] org.hibernate.SQL                        : 
    create table cart_items (
        quantity integer,
        cart_id bigint,
        id bigserial not null,
        variant_id bigint,
        primary key (id)
    )
Hibernate: 
    create table cart_items (
        quantity integer,
        cart_id bigint,
        id bigserial not null,
        variant_id bigint,
        primary key (id)
    )
2026-06-15T23:40:06.882+07:00 DEBUG 24632 --- [SportSwearShopSystem] [           main] org.hibernate.SQL                        : 
    create table carts (
        id bigserial not null,
        user_id bigint unique,
        primary key (id)
    )
Hibernate: 
    create table carts (
        id bigserial not null,
        user_id bigint unique,
        primary key (id)
    )
2026-06-15T23:40:06.889+07:00 DEBUG 24632 --- [SportSwearShopSystem] [           main] org.hibernate.SQL                        : 
    create table categories (
        id bigserial not null,
        parent_id bigint,
        category_name varchar(255) not null unique,
        description varchar(255),
        primary key (id)
    )
Hibernate: 
    create table categories (
        id bigserial not null,
        parent_id bigint,
        category_name varchar(255) not null unique,
        description varchar(255),
        primary key (id)
    )
2026-06-15T23:40:06.898+07:00 DEBUG 24632 --- [SportSwearShopSystem] [           main] org.hibernate.SQL                        : 
    create table chat_messages (
        id bigserial not null,
        room_id bigint,
        sent_at timestamp(6),
        content TEXT,
        file_url varchar(255),
        sender varchar(255),
        type varchar(255),
        primary key (id)
    )
Hibernate: 
    create table chat_messages (
        id bigserial not null,
        room_id bigint,
        sent_at timestamp(6),
        content TEXT,
        file_url varchar(255),
        sender varchar(255),
        type varchar(255),
        primary key (id)
    )
2026-06-15T23:40:06.907+07:00 DEBUG 24632 --- [SportSwearShopSystem] [           main] org.hibernate.SQL                        : 
    create table chat_rooms (
        has_unread boolean,
        id bigserial not null,
        last_message_at timestamp(6),
        admin_name varchar(255),
        customer_name varchar(255),
        type varchar(255) check (type in ('ADMIN_SUPPORT','AI_SUPPORT')),
        primary key (id)
    )
Hibernate: 
    create table chat_rooms (
        has_unread boolean,
        id bigserial not null,
        last_message_at timestamp(6),
        admin_name varchar(255),
        customer_name varchar(255),
        type varchar(255) check (type in ('ADMIN_SUPPORT','AI_SUPPORT')),
        primary key (id)
    )
2026-06-15T23:40:06.922+07:00 DEBUG 24632 --- [SportSwearShopSystem] [           main] org.hibernate.SQL                        : 
    create table collection_products (
        sort_order integer,
        collection_id bigint,
        id bigserial not null,
        variant_id bigint,
        primary key (id)
    )
Hibernate: 
    create table collection_products (
        sort_order integer,
        collection_id bigint,
        id bigserial not null,
        variant_id bigint,
        primary key (id)
    )
2026-06-15T23:40:06.928+07:00 DEBUG 24632 --- [SportSwearShopSystem] [           main] org.hibernate.SQL                        : 
    create table collections (
        end_date date,
        is_active boolean,
        start_date date,
        id bigserial not null,
        description varchar(255),
        image_url varchar(255),
        name varchar(255),
        slug varchar(255),
        type varchar(255),
        primary key (id)
    )
Hibernate: 
    create table collections (
        end_date date,
        is_active boolean,
        start_date date,
        id bigserial not null,
        description varchar(255),
        image_url varchar(255),
        name varchar(255),
        slug varchar(255),
        type varchar(255),
        primary key (id)
    )
2026-06-15T23:40:06.937+07:00 DEBUG 24632 --- [SportSwearShopSystem] [           main] org.hibernate.SQL                        : 
    create table delivery_reports (
        created_at timestamp(6),
        id bigserial not null,
        order_id bigint not null,
        reported_by bigint,
        evidence_image_url varchar(255),
        note varchar(255),
        reason varchar(255),
        status varchar(255),
        primary key (id)
    )
Hibernate: 
    create table delivery_reports (
        created_at timestamp(6),
        id bigserial not null,
        order_id bigint not null,
        reported_by bigint,
        evidence_image_url varchar(255),
        note varchar(255),
        reason varchar(255),
        status varchar(255),
        primary key (id)
    )
2026-06-15T23:40:06.949+07:00 DEBUG 24632 --- [SportSwearShopSystem] [           main] org.hibernate.SQL                        : 
    create table leave_requests (
        days integer,
        start_date date,
        created_at timestamp(6),
        decided_at timestamp(6),
        decided_by bigint,
        id bigserial not null,
        user_id bigint not null,
        reason varchar(255),
        status varchar(255),
        primary key (id)
    )
Hibernate: 
    create table leave_requests (
        days integer,
        start_date date,
        created_at timestamp(6),
        decided_at timestamp(6),
        decided_by bigint,
        id bigserial not null,
        user_id bigint not null,
        reason varchar(255),
        status varchar(255),
        primary key (id)
    )
2026-06-15T23:40:06.959+07:00 DEBUG 24632 --- [SportSwearShopSystem] [           main] org.hibernate.SQL                        : 
    create table order_assignments (
        assigned_at timestamp(6),
        assigned_by bigint,
        id bigserial not null,
        order_id bigint not null unique,
        staff_id bigint not null,
        note varchar(255),
        primary key (id)
    )
Hibernate: 
    create table order_assignments (
        assigned_at timestamp(6),
        assigned_by bigint,
        id bigserial not null,
        order_id bigint not null unique,
        staff_id bigint not null,
        note varchar(255),
        primary key (id)
    )
2026-06-15T23:40:06.967+07:00 DEBUG 24632 --- [SportSwearShopSystem] [           main] org.hibernate.SQL                        : 
    create table order_items (
        price numeric(38,2),
        quantity integer,
        id bigserial not null,
        order_id bigint,
        variant_id bigint,
        primary key (id)
    )
Hibernate: 
    create table order_items (
        price numeric(38,2),
        quantity integer,
        id bigserial not null,
        order_id bigint,
        variant_id bigint,
        primary key (id)
    )
2026-06-15T23:40:06.973+07:00 DEBUG 24632 --- [SportSwearShopSystem] [           main] org.hibernate.SQL                        : 
    create table orders (
        total_amount numeric(38,2),
        id bigserial not null,
        order_date timestamp(6),
        user_id bigint,
        note varchar(255),
        payment_method varchar(255) check (payment_method in ('COD','VNPAY','MOMO')),
        phone_number varchar(255),
        recipient_name varchar(255),
        shipping_address varchar(255),
        status varchar(255) check (status in ('PENDING','CONFIRMED','PACKING','SHIPPED','COMPLETED','CANCELLED','PAID','SHIPPING','DELIVERED')),
        primary key (id)
    )
Hibernate: 
    create table orders (
        total_amount numeric(38,2),
        id bigserial not null,
        order_date timestamp(6),
        user_id bigint,
        note varchar(255),
        payment_method varchar(255) check (payment_method in ('COD','VNPAY','MOMO')),
        phone_number varchar(255),
        recipient_name varchar(255),
        shipping_address varchar(255),
        status varchar(255) check (status in ('PENDING','CONFIRMED','PACKING','SHIPPED','COMPLETED','CANCELLED','PAID','SHIPPING','DELIVERED')),
        primary key (id)
    )
2026-06-15T23:40:06.982+07:00 DEBUG 24632 --- [SportSwearShopSystem] [           main] org.hibernate.SQL                        : 
    create table password_reset_token (
        used boolean,
        created_date timestamp(6) not null,
        expiry_date timestamp(6) not null,
        id bigserial not null,
        user_id bigint not null unique,
        token varchar(255) not null unique,
        primary key (id)
    )
Hibernate: 
    create table password_reset_token (
        used boolean,
        created_date timestamp(6) not null,
        expiry_date timestamp(6) not null,
        id bigserial not null,
        user_id bigint not null unique,
        token varchar(255) not null unique,
        primary key (id)
    )
2026-06-15T23:40:06.990+07:00 DEBUG 24632 --- [SportSwearShopSystem] [           main] org.hibernate.SQL                        : 
    create table product_images (
        is_primary boolean,
        id bigserial not null,
        variant_id bigint not null,
        image_url varchar(255) not null,
        primary key (id)
    )
Hibernate: 
    create table product_images (
        is_primary boolean,
        id bigserial not null,
        variant_id bigint not null,
        image_url varchar(255) not null,
        primary key (id)
    )
2026-06-15T23:40:06.996+07:00 DEBUG 24632 --- [SportSwearShopSystem] [           main] org.hibernate.SQL                        : 
    create table product_variants (
        price numeric(38,2),
        stock_quantity integer,
        id bigserial not null,
        product_id bigint,
        color varchar(255),
        size varchar(255),
        sku varchar(255),
        primary key (id)
    )
Hibernate: 
    create table product_variants (
        price numeric(38,2),
        stock_quantity integer,
        id bigserial not null,
        product_id bigint,
        color varchar(255),
        size varchar(255),
        sku varchar(255),
        primary key (id)
    )
2026-06-15T23:40:07.003+07:00 DEBUG 24632 --- [SportSwearShopSystem] [           main] org.hibernate.SQL                        : 
    create table products (
        brand_id bigint,
        category_id bigint,
        id bigserial not null,
        sport_id bigint,
        description TEXT,
        product_name varchar(255) not null,
        primary key (id)
    )
Hibernate: 
    create table products (
        brand_id bigint,
        category_id bigint,
        id bigserial not null,
        sport_id bigint,
        description TEXT,
        product_name varchar(255) not null,
        primary key (id)
    )
2026-06-15T23:40:07.011+07:00 DEBUG 24632 --- [SportSwearShopSystem] [           main] org.hibernate.SQL                        : 
    create table roles (
        role_id bigserial not null,
        role_code varchar(255) not null unique,
        role_description varchar(255),
        role_name varchar(255) not null unique,
        primary key (role_id)
    )
Hibernate: 
    create table roles (
        role_id bigserial not null,
        role_code varchar(255) not null unique,
        role_description varchar(255),
        role_name varchar(255) not null unique,
        primary key (role_id)
    )
2026-06-15T23:40:07.020+07:00 DEBUG 24632 --- [SportSwearShopSystem] [           main] org.hibernate.SQL                        : 
    create table sports (
        id bigserial not null,
        description varchar(255),
        sport_name varchar(255) not null unique,
        primary key (id)
    )
Hibernate: 
    create table sports (
        id bigserial not null,
        description varchar(255),
        sport_name varchar(255) not null unique,
        primary key (id)
    )
2026-06-15T23:40:07.031+07:00 DEBUG 24632 --- [SportSwearShopSystem] [           main] org.hibernate.SQL                        : 
    create table system_settings (
        description varchar(255),
        setting_key varchar(255) not null,
        setting_value TEXT,
        primary key (setting_key)
    )
Hibernate: 
    create table system_settings (
        description varchar(255),
        setting_key varchar(255) not null,
        setting_value TEXT,
        primary key (setting_key)
    )
2026-06-15T23:40:07.039+07:00 DEBUG 24632 --- [SportSwearShopSystem] [           main] org.hibernate.SQL                        : 
    create table user_addresses (
        is_default boolean,
        id bigserial not null,
        user_id bigint not null,
        city varchar(255) not null,
        district varchar(255) not null,
        phone_number varchar(255) not null,
        recipient_name varchar(255) not null,
        street varchar(255) not null,
        ward varchar(255) not null,
        primary key (id)
    )
Hibernate: 
    create table user_addresses (
        is_default boolean,
        id bigserial not null,
        user_id bigint not null,
        city varchar(255) not null,
        district varchar(255) not null,
        phone_number varchar(255) not null,
        recipient_name varchar(255) not null,
        street varchar(255) not null,
        ward varchar(255) not null,
        primary key (id)
    )
2026-06-15T23:40:07.046+07:00 DEBUG 24632 --- [SportSwearShopSystem] [           main] org.hibernate.SQL                        : 
    create table users (
        failed_login_attempts integer,
        status boolean not null,
        created_at timestamp(6),
        id bigserial not null,
        last_login_date timestamp(6),
        last_password_change_date timestamp(6),
        lock_time timestamp(6),
        role_id bigint not null,
        email varchar(255) not null unique,
        full_name varchar(255) not null,
        password varchar(255) not null,
        phone_number varchar(255) not null unique,
        primary key (id)
    )
Hibernate: 
    create table users (
        failed_login_attempts integer,
        status boolean not null,
        created_at timestamp(6),
        id bigserial not null,
        last_login_date timestamp(6),
        last_password_change_date timestamp(6),
        lock_time timestamp(6),
        role_id bigint not null,
        email varchar(255) not null unique,
        full_name varchar(255) not null,
        password varchar(255) not null,
        phone_number varchar(255) not null unique,
        primary key (id)
    )
2026-06-15T23:40:07.060+07:00 DEBUG 24632 --- [SportSwearShopSystem] [           main] org.hibernate.SQL                        : 
    create table valid_refresh_tokens (
        revoked boolean not null,
        created_at timestamp(6) not null,
        expired_time timestamp(6) not null,
        id bigserial not null,
        user_id bigint not null,
        jwt_id varchar(255) not null unique,
        primary key (id)
    )
Hibernate: 
    create table valid_refresh_tokens (
        revoked boolean not null,
        created_at timestamp(6) not null,
        expired_time timestamp(6) not null,
        id bigserial not null,
        user_id bigint not null,
        jwt_id varchar(255) not null unique,
        primary key (id)
    )
2026-06-15T23:40:07.071+07:00 DEBUG 24632 --- [SportSwearShopSystem] [           main] org.hibernate.SQL                        : 
    create table work_shifts (
        shift_date date,
        created_at timestamp(6),
        id bigserial not null,
        user_id bigint not null,
        note varchar(255),
        shift_code varchar(255),
        primary key (id)
    )
Hibernate: 
    create table work_shifts (
        shift_date date,
        created_at timestamp(6),
        id bigserial not null,
        user_id bigint not null,
        note varchar(255),
        shift_code varchar(255),
        primary key (id)
    )
2026-06-15T23:40:07.082+07:00 DEBUG 24632 --- [SportSwearShopSystem] [           main] org.hibernate.SQL                        : 
    alter table if exists cart_items 
       add constraint FKpcttvuq4mxppo8sxggjtn5i2c 
       foreign key (cart_id) 
       references carts
Hibernate: 
    alter table if exists cart_items 
       add constraint FKpcttvuq4mxppo8sxggjtn5i2c 
       foreign key (cart_id) 
       references carts
2026-06-15T23:40:07.094+07:00 DEBUG 24632 --- [SportSwearShopSystem] [           main] org.hibernate.SQL                        : 
    alter table if exists cart_items 
       add constraint FK5yyw1o0dor9gmxfra1dqvn4qa 
       foreign key (variant_id) 
       references product_variants
Hibernate: 
    alter table if exists cart_items 
       add constraint FK5yyw1o0dor9gmxfra1dqvn4qa 
       foreign key (variant_id) 
       references product_variants
2026-06-15T23:40:07.097+07:00 DEBUG 24632 --- [SportSwearShopSystem] [           main] org.hibernate.SQL                        : 
    alter table if exists carts 
       add constraint FKb5o626f86h46m4s7ms6ginnop 
       foreign key (user_id) 
       references users
Hibernate: 
    alter table if exists carts 
       add constraint FKb5o626f86h46m4s7ms6ginnop 
       foreign key (user_id) 
       references users
2026-06-15T23:40:07.100+07:00 DEBUG 24632 --- [SportSwearShopSystem] [           main] org.hibernate.SQL                        : 
    alter table if exists categories 
       add constraint FKsaok720gsu4u2wrgbk10b5n8d 
       foreign key (parent_id) 
       references categories
Hibernate: 
    alter table if exists categories 
       add constraint FKsaok720gsu4u2wrgbk10b5n8d 
       foreign key (parent_id) 
       references categories
2026-06-15T23:40:07.103+07:00 DEBUG 24632 --- [SportSwearShopSystem] [           main] org.hibernate.SQL                        : 
    alter table if exists chat_messages 
       add constraint FKhalwepod3944695ji0suwoqb9 
       foreign key (room_id) 
       references chat_rooms
Hibernate: 
    alter table if exists chat_messages 
       add constraint FKhalwepod3944695ji0suwoqb9 
       foreign key (room_id) 
       references chat_rooms
2026-06-15T23:40:07.105+07:00 DEBUG 24632 --- [SportSwearShopSystem] [           main] org.hibernate.SQL                        : 
    alter table if exists collection_products 
       add constraint FKaxoi4xo8kxr6ybr4agejey9p5 
       foreign key (collection_id) 
       references collections
Hibernate: 
    alter table if exists collection_products 
       add constraint FKaxoi4xo8kxr6ybr4agejey9p5 
       foreign key (collection_id) 
       references collections
2026-06-15T23:40:07.108+07:00 DEBUG 24632 --- [SportSwearShopSystem] [           main] org.hibernate.SQL                        : 
    alter table if exists collection_products 
       add constraint FKnqyubvcgf8srsg8mm77sbrtvs 
       foreign key (variant_id) 
       references product_variants
Hibernate: 
    alter table if exists collection_products 
       add constraint FKnqyubvcgf8srsg8mm77sbrtvs 
       foreign key (variant_id) 
       references product_variants
2026-06-15T23:40:07.110+07:00 DEBUG 24632 --- [SportSwearShopSystem] [           main] org.hibernate.SQL                        : 
    alter table if exists delivery_reports 
       add constraint FK21rdw7xsldxjtxdcego405kun 
       foreign key (order_id) 
       references orders
Hibernate: 
    alter table if exists delivery_reports 
       add constraint FK21rdw7xsldxjtxdcego405kun 
       foreign key (order_id) 
       references orders
2026-06-15T23:40:07.112+07:00 DEBUG 24632 --- [SportSwearShopSystem] [           main] org.hibernate.SQL                        : 
    alter table if exists delivery_reports 
       add constraint FK6gp05ilyybifdoltgnxc9rnqw 
       foreign key (reported_by) 
       references users
Hibernate: 
    alter table if exists delivery_reports 
       add constraint FK6gp05ilyybifdoltgnxc9rnqw 
       foreign key (reported_by) 
       references users
2026-06-15T23:40:07.117+07:00 DEBUG 24632 --- [SportSwearShopSystem] [           main] org.hibernate.SQL                        : 
    alter table if exists leave_requests 
       add constraint FKc224br6frm347slysy9yan7pa 
       foreign key (decided_by) 
       references users
Hibernate: 
    alter table if exists leave_requests 
       add constraint FKc224br6frm347slysy9yan7pa 
       foreign key (decided_by) 
       references users
2026-06-15T23:40:07.120+07:00 DEBUG 24632 --- [SportSwearShopSystem] [           main] org.hibernate.SQL                        : 
    alter table if exists leave_requests 
       add constraint FKh6s8bo5d59oy52b6nxfguf4yx 
       foreign key (user_id) 
       references users
Hibernate: 
    alter table if exists leave_requests 
       add constraint FKh6s8bo5d59oy52b6nxfguf4yx 
       foreign key (user_id) 
       references users
2026-06-15T23:40:07.123+07:00 DEBUG 24632 --- [SportSwearShopSystem] [           main] org.hibernate.SQL                        : 
    alter table if exists order_assignments 
       add constraint FKnk4qg6khhmtb1kut6jphhpi8i 
       foreign key (assigned_by) 
       references users
Hibernate: 
    alter table if exists order_assignments 
       add constraint FKnk4qg6khhmtb1kut6jphhpi8i 
       foreign key (assigned_by) 
       references users
2026-06-15T23:40:07.125+07:00 DEBUG 24632 --- [SportSwearShopSystem] [           main] org.hibernate.SQL                        : 
    alter table if exists order_assignments 
       add constraint FKhhu5nv7c14yxx28s4fotonkkk 
       foreign key (order_id) 
       references orders
Hibernate: 
    alter table if exists order_assignments 
       add constraint FKhhu5nv7c14yxx28s4fotonkkk 
       foreign key (order_id) 
       references orders
2026-06-15T23:40:07.128+07:00 DEBUG 24632 --- [SportSwearShopSystem] [           main] org.hibernate.SQL                        : 
    alter table if exists order_assignments 
       add constraint FK3fgup8al6m8vcb3rh0fum4rrk 
       foreign key (staff_id) 
       references users
Hibernate: 
    alter table if exists order_assignments 
       add constraint FK3fgup8al6m8vcb3rh0fum4rrk 
       foreign key (staff_id) 
       references users
2026-06-15T23:40:07.130+07:00 DEBUG 24632 --- [SportSwearShopSystem] [           main] org.hibernate.SQL                        : 
    alter table if exists order_items 
       add constraint FKbioxgbv59vetrxe0ejfubep1w 
       foreign key (order_id) 
       references orders
Hibernate: 
    alter table if exists order_items 
       add constraint FKbioxgbv59vetrxe0ejfubep1w 
       foreign key (order_id) 
       references orders
2026-06-15T23:40:07.133+07:00 DEBUG 24632 --- [SportSwearShopSystem] [           main] org.hibernate.SQL                        : 
    alter table if exists order_items 
       add constraint FKemq71edpbn9wsxnxncfn1algp 
       foreign key (variant_id) 
       references product_variants
Hibernate: 
    alter table if exists order_items 
       add constraint FKemq71edpbn9wsxnxncfn1algp 
       foreign key (variant_id) 
       references product_variants
2026-06-15T23:40:07.136+07:00 DEBUG 24632 --- [SportSwearShopSystem] [           main] org.hibernate.SQL                        : 
    alter table if exists orders 
       add constraint FK32ql8ubntj5uh44ph9659tiih 
       foreign key (user_id) 
       references users
Hibernate: 
    alter table if exists orders 
       add constraint FK32ql8ubntj5uh44ph9659tiih 
       foreign key (user_id) 
       references users
2026-06-15T23:40:07.139+07:00 DEBUG 24632 --- [SportSwearShopSystem] [           main] org.hibernate.SQL                        : 
    alter table if exists password_reset_token 
       add constraint FK83nsrttkwkb6ym0anu051mtxn 
       foreign key (user_id) 
       references users
Hibernate: 
    alter table if exists password_reset_token 
       add constraint FK83nsrttkwkb6ym0anu051mtxn 
       foreign key (user_id) 
       references users
2026-06-15T23:40:07.141+07:00 DEBUG 24632 --- [SportSwearShopSystem] [           main] org.hibernate.SQL                        : 
    alter table if exists product_images 
       add constraint FKqnqjv00ocaxfmu2k6b99ycdad 
       foreign key (variant_id) 
       references product_variants
Hibernate: 
    alter table if exists product_images 
       add constraint FKqnqjv00ocaxfmu2k6b99ycdad 
       foreign key (variant_id) 
       references product_variants
2026-06-15T23:40:07.144+07:00 DEBUG 24632 --- [SportSwearShopSystem] [           main] org.hibernate.SQL                        : 
    alter table if exists product_variants 
       add constraint FKosqitn4s405cynmhb87lkvuau 
       foreign key (product_id) 
       references products
Hibernate: 
    alter table if exists product_variants 
       add constraint FKosqitn4s405cynmhb87lkvuau 
       foreign key (product_id) 
       references products
2026-06-15T23:40:07.146+07:00 DEBUG 24632 --- [SportSwearShopSystem] [           main] org.hibernate.SQL                        : 
    alter table if exists products 
       add constraint FKa3a4mpsfdf4d2y6r8ra3sc8mv 
       foreign key (brand_id) 
       references brands
Hibernate: 
    alter table if exists products 
       add constraint FKa3a4mpsfdf4d2y6r8ra3sc8mv 
       foreign key (brand_id) 
       references brands
2026-06-15T23:40:07.149+07:00 DEBUG 24632 --- [SportSwearShopSystem] [           main] org.hibernate.SQL                        : 
    alter table if exists products 
       add constraint FKog2rp4qthbtt2lfyhfo32lsw9 
       foreign key (category_id) 
       references categories
Hibernate: 
    alter table if exists products 
       add constraint FKog2rp4qthbtt2lfyhfo32lsw9 
       foreign key (category_id) 
       references categories
2026-06-15T23:40:07.153+07:00 DEBUG 24632 --- [SportSwearShopSystem] [           main] org.hibernate.SQL                        : 
    alter table if exists products 
       add constraint FKcxxrw6itsu6s6l4i463rnwh6v 
       foreign key (sport_id) 
       references sports
Hibernate: 
    alter table if exists products 
       add constraint FKcxxrw6itsu6s6l4i463rnwh6v 
       foreign key (sport_id) 
       references sports
2026-06-15T23:40:07.155+07:00 DEBUG 24632 --- [SportSwearShopSystem] [           main] org.hibernate.SQL                        : 
    alter table if exists user_addresses 
       add constraint FKn2fisxyyu3l9wlch3ve2nocgp 
       foreign key (user_id) 
       references users
Hibernate: 
    alter table if exists user_addresses 
       add constraint FKn2fisxyyu3l9wlch3ve2nocgp 
       foreign key (user_id) 
       references users
2026-06-15T23:40:07.157+07:00 DEBUG 24632 --- [SportSwearShopSystem] [           main] org.hibernate.SQL                        : 
    alter table if exists users 
       add constraint FKp56c1712k691lhsyewcssf40f 
       foreign key (role_id) 
       references roles
Hibernate: 
    alter table if exists users 
       add constraint FKp56c1712k691lhsyewcssf40f 
       foreign key (role_id) 
       references roles
2026-06-15T23:40:07.159+07:00 DEBUG 24632 --- [SportSwearShopSystem] [           main] org.hibernate.SQL                        : 
    alter table if exists valid_refresh_tokens 
       add constraint FKkp9ek9g1oiey5ysyxtvhvwpg7 
       foreign key (user_id) 
       references users
Hibernate: 
    alter table if exists valid_refresh_tokens 
       add constraint FKkp9ek9g1oiey5ysyxtvhvwpg7 
       foreign key (user_id) 
       references users
2026-06-15T23:40:07.162+07:00 DEBUG 24632 --- [SportSwearShopSystem] [           main] org.hibernate.SQL                        : 
    alter table if exists work_shifts 
       add constraint FK3oa821cd9hu32c47xi87wo0ni 
       foreign key (user_id) 
       references users
Hibernate: 
    alter table if exists work_shifts 
       add constraint FK3oa821cd9hu32c47xi87wo0ni 
       foreign key (user_id) 
       references users
2026-06-15T23:40:07.169+07:00  INFO 24632 --- [SportSwearShopSystem] [           main] j.LocalContainerEntityManagerFactoryBean : Initialized JPA EntityManagerFactory for persistence unit 'default'
2026-06-15T23:40:07.226+07:00  INFO 24632 --- [SportSwearShopSystem] [           main] c.t.e.configuration.RedisConfiguration   : Redis configuration validated - Host: localhost, Port 6379
2026-06-15T23:40:07.260+07:00  INFO 24632 --- [SportSwearShopSystem] [           main] c.t.e.configuration.RedisConfiguration   : Redis connection factory created successfully
2026-06-15T23:40:07.836+07:00  INFO 24632 --- [SportSwearShopSystem] [           main] c.t.e.c.JwtDecoderConfiguration          : Jwt decoder successfully initialized with 60s clock skew leeway
2026-06-15T23:40:07.839+07:00 DEBUG 24632 --- [SportSwearShopSystem] [           main] ySourcesPropertyResolver$DefaultResolver : Found key 'vnpay.returnUrl' in PropertySource 'Config resource 'class path resource [application.properties]' via location 'optional:classpath:/'' with value of type String
2026-06-15T23:40:07.840+07:00 DEBUG 24632 --- [SportSwearShopSystem] [           main] ySourcesPropertyResolver$DefaultResolver : Found key 'vnpay.tmnCode' in PropertySource 'Config resource 'class path resource [application.properties]' via location 'optional:classpath:/'' with value of type String
2026-06-15T23:40:07.841+07:00 DEBUG 24632 --- [SportSwearShopSystem] [           main] ySourcesPropertyResolver$DefaultResolver : Found key 'vnpay.hashSecret' in PropertySource 'Config resource 'class path resource [application.properties]' via location 'optional:classpath:/'' with value of type String
2026-06-15T23:40:08.289+07:00  INFO 24632 --- [SportSwearShopSystem] [           main] o.s.d.j.r.query.QueryEnhancerFactory     : Hibernate is in classpath; If applicable, HQL parser will be used.
2026-06-15T23:40:09.214+07:00  INFO 24632 --- [SportSwearShopSystem] [           main] c.t.e.c.SecurityConfiguration            : Password encoder configured with BCrypt strength: 12
2026-06-15T23:40:09.216+07:00  INFO 24632 --- [SportSwearShopSystem] [           main] c.t.e.c.SecurityConfiguration            : Authentication manager configured with DAO authentication provider
2026-06-15T23:40:09.977+07:00 DEBUG 24632 --- [SportSwearShopSystem] [           main] ySourcesPropertyResolver$DefaultResolver : Found key 'GEMINI_API_KEY' in PropertySource 'Config resource 'class path resource [application-dev.properties]' via location 'optional:classpath:/'' with value of type String
2026-06-15T23:40:10.737+07:00 DEBUG 24632 --- [SportSwearShopSystem] [           main] ySourcesPropertyResolver$DefaultResolver : Found key 'GEMINI_API_KEY' in PropertySource 'Config resource 'class path resource [application-dev.properties]' via location 'optional:classpath:/'' with value of type String
2026-06-15T23:40:10.925+07:00 DEBUG 24632 --- [SportSwearShopSystem] [           main] ySourcesPropertyResolver$DefaultResolver : Found key 'OPEN_API_TITLE' in PropertySource 'Config resource 'class path resource [application-dev.properties]' via location 'optional:classpath:/'' with value of type String
2026-06-15T23:40:10.926+07:00 DEBUG 24632 --- [SportSwearShopSystem] [           main] ySourcesPropertyResolver$DefaultResolver : Found key 'OPEN_API_VERSION' in PropertySource 'Config resource 'class path resource [application-dev.properties]' via location 'optional:classpath:/'' with value of type String
2026-06-15T23:40:10.927+07:00 DEBUG 24632 --- [SportSwearShopSystem] [           main] ySourcesPropertyResolver$DefaultResolver : Found key 'OPEN_API_DESCRIPTION' in PropertySource 'Config resource 'class path resource [application-dev.properties]' via location 'optional:classpath:/'' with value of type String
2026-06-15T23:40:10.927+07:00  INFO 24632 --- [SportSwearShopSystem] [           main] c.t.e.c.OpenAPIConfiguration             : Configuring OpenAPI documentation - Title API-Sport Swear Shop, Version v1.0.0
2026-06-15T23:40:11.110+07:00  WARN 24632 --- [SportSwearShopSystem] [           main] JpaBaseConfiguration$JpaWebConfiguration : spring.jpa.open-in-view is enabled by default. Therefore, database queries may be performed during view rendering. Explicitly configure spring.jpa.open-in-view to disable this warning
2026-06-15T23:40:11.494+07:00 DEBUG 24632 --- [SportSwearShopSystem] [           main] s.w.s.m.m.a.RequestMappingHandlerMapping : 120 mappings in 'requestMappingHandlerMapping'
2026-06-15T23:40:11.558+07:00 DEBUG 24632 --- [SportSwearShopSystem] [           main] o.s.w.s.handler.SimpleUrlHandlerMapping  : Patterns [/webjars/**, /**, /swagger-ui*/*swagger-initializer.js, /swagger-ui*/**] in 'resourceHandlerMapping'
2026-06-15T23:40:11.576+07:00  INFO 24632 --- [SportSwearShopSystem] [           main] c.t.e.c.SecurityConfiguration            : Configuring security filter chain
2026-06-15T23:40:11.578+07:00  INFO 24632 --- [SportSwearShopSystem] [           main] c.t.e.c.SecurityConfiguration            : CORS configuration initialized with allowed origins: [http://localhost:3000, http://localhost:5173, http://172.20.128.1:5173, http://localhost:4173, http://localhost:8080]
2026-06-15T23:40:11.607+07:00  INFO 24632 --- [SportSwearShopSystem] [           main] c.t.e.c.SecurityConfiguration            : Security filter chain configured successfully
2026-06-15T23:40:11.660+07:00  INFO 24632 --- [SportSwearShopSystem] [           main] o.s.s.web.DefaultSecurityFilterChain     : Will secure any request with [org.springframework.security.web.session.DisableEncodeUrlFilter@698cc99d, org.springframework.security.web.context.request.async.WebAsyncManagerIntegrationFilter@4d34baec, org.springframework.security.web.context.SecurityContextHolderFilter@131af11d, org.springframework.security.web.header.HeaderWriterFilter@2d158175, org.springframework.web.filter.CorsFilter@f9769ae, org.springframework.security.web.authentication.logout.LogoutFilter@4bc01cab, org.springframework.security.oauth2.server.resource.web.authentication.BearerTokenAuthenticationFilter@387f53cf, org.springframework.security.web.savedrequest.RequestCacheAwareFilter@21f9d977, org.springframework.security.web.servletapi.SecurityContextHolderAwareRequestFilter@2d8b8469, org.springframework.security.web.authentication.AnonymousAuthenticationFilter@776a3e76, org.springframework.security.web.access.ExceptionTranslationFilter@7cb39309, org.springframework.security.web.access.intercept.AuthorizationFilter@24c186cc]
2026-06-15T23:40:11.820+07:00 DEBUG 24632 --- [SportSwearShopSystem] [           main] s.w.s.m.m.a.RequestMappingHandlerAdapter : ControllerAdvice beans: 0 @ModelAttribute, 0 @InitBinder, 1 RequestBodyAdvice, 1 ResponseBodyAdvice
2026-06-15T23:40:11.889+07:00 DEBUG 24632 --- [SportSwearShopSystem] [           main] .m.m.a.ExceptionHandlerExceptionResolver : ControllerAdvice beans: 2 @ExceptionHandler, 1 ResponseBodyAdvice
2026-06-15T23:40:12.639+07:00  INFO 24632 --- [SportSwearShopSystem] [           main] o.s.b.w.embedded.tomcat.TomcatWebServer  : Tomcat started on port 8080 (http) with context path ''
2026-06-15T23:40:12.655+07:00 DEBUG 24632 --- [SportSwearShopSystem] [           main] .s.b.a.l.ConditionEvaluationReportLogger : 


============================
CONDITIONS EVALUATION REPORT
============================


Positive matches:
-----------------

   AopAutoConfiguration matched:
      - @ConditionalOnProperty (spring.aop.auto=true) matched (OnPropertyCondition)

   AopAutoConfiguration.AspectJAutoProxyingConfiguration matched:
      - @ConditionalOnClass found required class 'org.aspectj.weaver.Advice' (OnClassCondition)

   AopAutoConfiguration.AspectJAutoProxyingConfiguration.CglibAutoProxyConfiguration matched:
      - @ConditionalOnProperty (spring.aop.proxy-target-class=true) matched (OnPropertyCondition)

   ApplicationAvailabilityAutoConfiguration#applicationAvailability matched:
      - @ConditionalOnMissingBean (types: org.springframework.boot.availability.ApplicationAvailability; SearchStrategy: all) did not find any beans (OnBeanCondition)

   DataSourceAutoConfiguration matched:
      - @ConditionalOnClass found required classes 'javax.sql.DataSource', 'org.springframework.jdbc.datasource.embedded.EmbeddedDatabaseType' (OnClassCondition)
      - @ConditionalOnMissingBean (types: io.r2dbc.spi.ConnectionFactory; SearchStrategy: all) did not find any beans (OnBeanCondition)

   DataSourceAutoConfiguration.PooledDataSourceConfiguration matched:
      - AnyNestedCondition 1 matched 1 did not; NestedCondition on DataSourceAutoConfiguration.PooledDataSourceCondition.PooledDataSourceAvailable PooledDataSource found supported DataSource; NestedCondition on DataSourceAutoConfiguration.PooledDataSourceCondition.ExplicitType @ConditionalOnProperty (spring.datasource.type) did not find property 'type' (DataSourceAutoConfiguration.PooledDataSourceCondition)
      - @ConditionalOnMissingBean (types: javax.sql.DataSource,javax.sql.XADataSource; SearchStrategy: all) did not find any beans (OnBeanCondition)

   DataSourceAutoConfiguration.PooledDataSourceConfiguration#jdbcConnectionDetails matched:
      - @ConditionalOnMissingBean (types: org.springframework.boot.autoconfigure.jdbc.JdbcConnectionDetails; SearchStrategy: all) did not find any beans (OnBeanCondition)

   DataSourceConfiguration.Hikari matched:
      - @ConditionalOnClass found required class 'com.zaxxer.hikari.HikariDataSource' (OnClassCondition)
      - @ConditionalOnProperty (spring.datasource.type=com.zaxxer.hikari.HikariDataSource) matched (OnPropertyCondition)
      - @ConditionalOnMissingBean (types: javax.sql.DataSource; SearchStrategy: all) did not find any beans (OnBeanCondition)

   DataSourceInitializationConfiguration matched:
      - @ConditionalOnClass found required class 'org.springframework.jdbc.datasource.init.DatabasePopulator' (OnClassCondition)
      - @ConditionalOnSingleCandidate (types: javax.sql.DataSource; SearchStrategy: all) found a single bean 'dataSource'; @ConditionalOnMissingBean (types: org.springframework.boot.autoconfigure.sql.init.SqlDataSourceScriptDatabaseInitializer,org.springframework.boot.autoconfigure.sql.init.SqlR2dbcScriptDatabaseInitializer; SearchStrategy: all) did not find any beans (OnBeanCondition)

   DataSourceJmxConfiguration matched:
      - @ConditionalOnProperty (spring.jmx.enabled=true) matched (OnPropertyCondition)

   DataSourceJmxConfiguration.Hikari matched:
      - @ConditionalOnClass found required class 'com.zaxxer.hikari.HikariDataSource' (OnClassCondition)
      - @ConditionalOnSingleCandidate (types: javax.sql.DataSource; SearchStrategy: all) found a single bean 'dataSource' (OnBeanCondition)

   DataSourcePoolMetadataProvidersConfiguration.HikariPoolDataSourceMetadataProviderConfiguration matched:
      - @ConditionalOnClass found required class 'com.zaxxer.hikari.HikariDataSource' (OnClassCondition)

   DataSourceTransactionManagerAutoConfiguration matched:
      - @ConditionalOnClass found required classes 'org.springframework.jdbc.core.JdbcTemplate', 'org.springframework.transaction.TransactionManager' (OnClassCondition)

   DataSourceTransactionManagerAutoConfiguration.JdbcTransactionManagerConfiguration matched:
      - @ConditionalOnSingleCandidate (types: javax.sql.DataSource; SearchStrategy: all) found a single bean 'dataSource' (OnBeanCondition)

   DispatcherServletAutoConfiguration matched:
      - @ConditionalOnClass found required class 'org.springframework.web.servlet.DispatcherServlet' (OnClassCondition)
      - found 'session' scope (OnWebApplicationCondition)

   DispatcherServletAutoConfiguration.DispatcherServletConfiguration matched:
      - @ConditionalOnClass found required class 'jakarta.servlet.ServletRegistration' (OnClassCondition)
      - Default DispatcherServlet did not find dispatcher servlet beans (DispatcherServletAutoConfiguration.DefaultDispatcherServletCondition)

   DispatcherServletAutoConfiguration.DispatcherServletRegistrationConfiguration matched:
      - @ConditionalOnClass found required class 'jakarta.servlet.ServletRegistration' (OnClassCondition)
      - DispatcherServlet Registration did not find servlet registration bean (DispatcherServletAutoConfiguration.DispatcherServletRegistrationCondition)

   DispatcherServletAutoConfiguration.DispatcherServletRegistrationConfiguration#dispatcherServletRegistration matched:
      - @ConditionalOnBean (names: dispatcherServlet types: org.springframework.web.servlet.DispatcherServlet; SearchStrategy: all) found bean 'dispatcherServlet' (OnBeanCondition)

   EmbeddedWebServerFactoryCustomizerAutoConfiguration matched:
      - @ConditionalOnWebApplication (required) found 'session' scope (OnWebApplicationCondition)
      - @ConditionalOnWarDeployment the application is not deployed as a WAR file. (OnWarDeploymentCondition)

   EmbeddedWebServerFactoryCustomizerAutoConfiguration.TomcatWebServerFactoryCustomizerConfiguration matched:
      - @ConditionalOnClass found required classes 'org.apache.catalina.startup.Tomcat', 'org.apache.coyote.UpgradeProtocol' (OnClassCondition)

   ErrorMvcAutoConfiguration matched:
      - @ConditionalOnClass found required classes 'jakarta.servlet.Servlet', 'org.springframework.web.servlet.DispatcherServlet' (OnClassCondition)
      - found 'session' scope (OnWebApplicationCondition)

   ErrorMvcAutoConfiguration#basicErrorController matched:
      - @ConditionalOnMissingBean (types: org.springframework.boot.web.servlet.error.ErrorController; SearchStrategy: current) did not find any beans (OnBeanCondition)

   ErrorMvcAutoConfiguration#errorAttributes matched:
      - @ConditionalOnMissingBean (types: org.springframework.boot.web.servlet.error.ErrorAttributes; SearchStrategy: current) did not find any beans (OnBeanCondition)

   ErrorMvcAutoConfiguration.DefaultErrorViewResolverConfiguration#conventionErrorViewResolver matched:
      - @ConditionalOnBean (types: org.springframework.web.servlet.DispatcherServlet; SearchStrategy: all) found bean 'dispatcherServlet'; @ConditionalOnMissingBean (types: org.springframework.boot.autoconfigure.web.servlet.error.ErrorViewResolver; SearchStrategy: all) did not find any beans (OnBeanCondition)

   ErrorMvcAutoConfiguration.WhitelabelErrorViewConfiguration matched:
      - @ConditionalOnProperty (server.error.whitelabel.enabled) matched (OnPropertyCondition)
      - ErrorTemplate Missing did not find error template view (ErrorMvcAutoConfiguration.ErrorTemplateMissingCondition)

   ErrorMvcAutoConfiguration.WhitelabelErrorViewConfiguration#beanNameViewResolver matched:
      - @ConditionalOnMissingBean (types: org.springframework.web.servlet.view.BeanNameViewResolver; SearchStrategy: all) did not find any beans (OnBeanCondition)

   ErrorMvcAutoConfiguration.WhitelabelErrorViewConfiguration#defaultErrorView matched:
      - @ConditionalOnMissingBean (names: error; SearchStrategy: all) did not find any beans (OnBeanCondition)

   GenericCacheConfiguration matched:
      - Cache org.springframework.boot.autoconfigure.cache.GenericCacheConfiguration automatic cache type (CacheCondition)

   GsonAutoConfiguration matched:
      - @ConditionalOnClass found required class 'com.google.gson.Gson' (OnClassCondition)

   GsonAutoConfiguration#gson matched:
      - @ConditionalOnMissingBean (types: com.google.gson.Gson; SearchStrategy: all) did not find any beans (OnBeanCondition)

   GsonAutoConfiguration#gsonBuilder matched:
      - @ConditionalOnMissingBean (types: com.google.gson.GsonBuilder; SearchStrategy: all) did not find any beans (OnBeanCondition)

   GsonHttpMessageConvertersConfiguration matched:
      - @ConditionalOnClass found required class 'com.google.gson.Gson' (OnClassCondition)

   HibernateJpaAutoConfiguration matched:
      - @ConditionalOnClass found required classes 'org.springframework.orm.jpa.LocalContainerEntityManagerFactoryBean', 'jakarta.persistence.EntityManager', 'org.hibernate.engine.spi.SessionImplementor' (OnClassCondition)

   HibernateJpaConfiguration matched:
      - @ConditionalOnSingleCandidate (types: javax.sql.DataSource; SearchStrategy: all) found a single bean 'dataSource' (OnBeanCondition)

   HttpEncodingAutoConfiguration matched:
      - @ConditionalOnClass found required class 'org.springframework.web.filter.CharacterEncodingFilter' (OnClassCondition)
      - found 'session' scope (OnWebApplicationCondition)
      - @ConditionalOnProperty (server.servlet.encoding.enabled) matched (OnPropertyCondition)

   HttpEncodingAutoConfiguration#characterEncodingFilter matched:
      - @ConditionalOnMissingBean (types: org.springframework.web.filter.CharacterEncodingFilter; SearchStrategy: all) did not find any beans (OnBeanCondition)

   HttpMessageConvertersAutoConfiguration matched:
      - @ConditionalOnClass found required class 'org.springframework.http.converter.HttpMessageConverter' (OnClassCondition)
      - NoneNestedConditions 0 matched 1 did not; NestedCondition on HttpMessageConvertersAutoConfiguration.NotReactiveWebApplicationCondition.ReactiveWebApplication did not find reactive web application classes (HttpMessageConvertersAutoConfiguration.NotReactiveWebApplicationCondition)

   HttpMessageConvertersAutoConfiguration#messageConverters matched:
      - @ConditionalOnMissingBean (types: org.springframework.boot.autoconfigure.http.HttpMessageConverters; SearchStrategy: all) did not find any beans (OnBeanCondition)

   HttpMessageConvertersAutoConfiguration.StringHttpMessageConverterConfiguration matched:
      - @ConditionalOnClass found required class 'org.springframework.http.converter.StringHttpMessageConverter' (OnClassCondition)

   HttpMessageConvertersAutoConfiguration.StringHttpMessageConverterConfiguration#stringHttpMessageConverter matched:
      - @ConditionalOnMissingBean (types: org.springframework.http.converter.StringHttpMessageConverter; SearchStrategy: all) did not find any beans (OnBeanCondition)

   JacksonAutoConfiguration matched:
      - @ConditionalOnClass found required class 'com.fasterxml.jackson.databind.ObjectMapper' (OnClassCondition)

   JacksonAutoConfiguration.Jackson2ObjectMapperBuilderCustomizerConfiguration matched:
      - @ConditionalOnClass found required class 'org.springframework.http.converter.json.Jackson2ObjectMapperBuilder' (OnClassCondition)

   JacksonAutoConfiguration.JacksonObjectMapperBuilderConfiguration matched:
      - @ConditionalOnClass found required class 'org.springframework.http.converter.json.Jackson2ObjectMapperBuilder' (OnClassCondition)

   JacksonAutoConfiguration.JacksonObjectMapperBuilderConfiguration#jacksonObjectMapperBuilder matched:
      - @ConditionalOnMissingBean (types: org.springframework.http.converter.json.Jackson2ObjectMapperBuilder; SearchStrategy: all) did not find any beans (OnBeanCondition)

   JacksonAutoConfiguration.JacksonObjectMapperConfiguration matched:
      - @ConditionalOnClass found required class 'org.springframework.http.converter.json.Jackson2ObjectMapperBuilder' (OnClassCondition)

   JacksonAutoConfiguration.JacksonObjectMapperConfiguration#jacksonObjectMapper matched:
      - @ConditionalOnMissingBean (types: com.fasterxml.jackson.databind.ObjectMapper; SearchStrategy: all) did not find any beans (OnBeanCondition)

   JacksonAutoConfiguration.ParameterNamesModuleConfiguration matched:
      - @ConditionalOnClass found required class 'com.fasterxml.jackson.module.paramnames.ParameterNamesModule' (OnClassCondition)

   JacksonAutoConfiguration.ParameterNamesModuleConfiguration#parameterNamesModule matched:
      - @ConditionalOnMissingBean (types: com.fasterxml.jackson.module.paramnames.ParameterNamesModule; SearchStrategy: all) did not find any beans (OnBeanCondition)

   JacksonHttpMessageConvertersConfiguration.MappingJackson2HttpMessageConverterConfiguration matched:
      - @ConditionalOnClass found required class 'com.fasterxml.jackson.databind.ObjectMapper' (OnClassCondition)
      - @ConditionalOnProperty (spring.mvc.converters.preferred-json-mapper=jackson) matched (OnPropertyCondition)
      - @ConditionalOnBean (types: com.fasterxml.jackson.databind.ObjectMapper; SearchStrategy: all) found bean 'jacksonObjectMapper' (OnBeanCondition)

   JacksonHttpMessageConvertersConfiguration.MappingJackson2HttpMessageConverterConfiguration#mappingJackson2HttpMessageConverter matched:
      - @ConditionalOnMissingBean (types: org.springframework.http.converter.json.MappingJackson2HttpMessageConverter ignored: org.springframework.hateoas.server.mvc.TypeConstrainedMappingJackson2HttpMessageConverter,org.springframework.data.rest.webmvc.alps.AlpsJsonHttpMessageConverter; SearchStrategy: all) did not find any beans (OnBeanCondition)

   JdbcClientAutoConfiguration matched:
      - @ConditionalOnSingleCandidate (types: org.springframework.jdbc.core.namedparam.NamedParameterJdbcTemplate; SearchStrategy: all) found a single bean 'namedParameterJdbcTemplate'; @ConditionalOnMissingBean (types: org.springframework.jdbc.core.simple.JdbcClient; SearchStrategy: all) did not find any beans (OnBeanCondition)

   JdbcTemplateAutoConfiguration matched:
      - @ConditionalOnClass found required classes 'javax.sql.DataSource', 'org.springframework.jdbc.core.JdbcTemplate' (OnClassCondition)
      - @ConditionalOnSingleCandidate (types: javax.sql.DataSource; SearchStrategy: all) found a single bean 'dataSource' (OnBeanCondition)

   JdbcTemplateConfiguration matched:
      - @ConditionalOnMissingBean (types: org.springframework.jdbc.core.JdbcOperations; SearchStrategy: all) did not find any beans (OnBeanCondition)

   JpaBaseConfiguration#entityManagerFactory matched:
      - @ConditionalOnMissingBean (types: org.springframework.orm.jpa.LocalContainerEntityManagerFactoryBean,jakarta.persistence.EntityManagerFactory; SearchStrategy: all) did not find any beans (OnBeanCondition)

   JpaBaseConfiguration#entityManagerFactoryBuilder matched:
      - @ConditionalOnMissingBean (types: org.springframework.boot.orm.jpa.EntityManagerFactoryBuilder; SearchStrategy: all) did not find any beans (OnBeanCondition)

   JpaBaseConfiguration#jpaVendorAdapter matched:
      - @ConditionalOnMissingBean (types: org.springframework.orm.jpa.JpaVendorAdapter; SearchStrategy: all) did not find any beans (OnBeanCondition)

   JpaBaseConfiguration#transactionManager matched:
      - @ConditionalOnMissingBean (types: org.springframework.transaction.TransactionManager; SearchStrategy: all) did not find any beans (OnBeanCondition)

   JpaBaseConfiguration.JpaWebConfiguration matched:
      - @ConditionalOnClass found required class 'org.springframework.web.servlet.config.annotation.WebMvcConfigurer' (OnClassCondition)
      - found 'session' scope (OnWebApplicationCondition)
      - @ConditionalOnProperty (spring.jpa.open-in-view=true) matched (OnPropertyCondition)
      - @ConditionalOnMissingBean (types: org.springframework.orm.jpa.support.OpenEntityManagerInViewInterceptor,org.springframework.orm.jpa.support.OpenEntityManagerInViewFilter; SearchStrategy: all) did not find any beans (OnBeanCondition)

   JpaBaseConfiguration.PersistenceManagedTypesConfiguration matched:
      - @ConditionalOnMissingBean (types: org.springframework.orm.jpa.LocalContainerEntityManagerFactoryBean,jakarta.persistence.EntityManagerFactory; SearchStrategy: all) did not find any beans (OnBeanCondition)

   JpaBaseConfiguration.PersistenceManagedTypesConfiguration#persistenceManagedTypes matched:
      - @ConditionalOnMissingBean (types: org.springframework.orm.jpa.persistenceunit.PersistenceManagedTypes; SearchStrategy: all) did not find any beans (OnBeanCondition)

   JpaRepositoriesAutoConfiguration matched:
      - @ConditionalOnClass found required class 'org.springframework.data.jpa.repository.JpaRepository' (OnClassCondition)
      - @ConditionalOnProperty (spring.data.jpa.repositories.enabled=true) matched (OnPropertyCondition)
      - @ConditionalOnBean (types: javax.sql.DataSource; SearchStrategy: all) found bean 'dataSource'; @ConditionalOnMissingBean (types: org.springframework.data.jpa.repository.support.JpaRepositoryFactoryBean,org.springframework.data.jpa.repository.config.JpaRepositoryConfigExtension; SearchStrategy: all) did not find any beans (OnBeanCondition)

   JtaAutoConfiguration matched:
      - @ConditionalOnClass found required class 'jakarta.transaction.Transaction' (OnClassCondition)
      - @ConditionalOnProperty (spring.jta.enabled) matched (OnPropertyCondition)

   LifecycleAutoConfiguration#defaultLifecycleProcessor matched:
      - @ConditionalOnMissingBean (names: lifecycleProcessor; SearchStrategy: current) did not find any beans (OnBeanCondition)

   MailSenderAutoConfiguration matched:
      - @ConditionalOnClass found required classes 'jakarta.mail.internet.MimeMessage', 'jakarta.activation.MimeType', 'org.springframework.mail.MailSender' (OnClassCondition)
      - AnyNestedCondition 1 matched 1 did not; NestedCondition on MailSenderAutoConfiguration.MailSenderCondition.JndiNameProperty @ConditionalOnProperty (spring.mail.jndi-name) did not find property 'jndi-name'; NestedCondition on MailSenderAutoConfiguration.MailSenderCondition.HostProperty @ConditionalOnProperty (spring.mail.host) matched (MailSenderAutoConfiguration.MailSenderCondition)
      - @ConditionalOnMissingBean (types: org.springframework.mail.MailSender; SearchStrategy: all) did not find any beans (OnBeanCondition)

   MailSenderPropertiesConfiguration matched:
      - @ConditionalOnProperty (spring.mail.host) matched (OnPropertyCondition)

   MailSenderPropertiesConfiguration#mailSender matched:
      - @ConditionalOnMissingBean (types: org.springframework.mail.javamail.JavaMailSender; SearchStrategy: all) did not find any beans (OnBeanCondition)

   MultipartAutoConfiguration matched:
      - @ConditionalOnClass found required classes 'jakarta.servlet.Servlet', 'org.springframework.web.multipart.support.StandardServletMultipartResolver', 'jakarta.servlet.MultipartConfigElement' (OnClassCondition)
      - found 'session' scope (OnWebApplicationCondition)
      - @ConditionalOnProperty (spring.servlet.multipart.enabled) matched (OnPropertyCondition)

   MultipartAutoConfiguration#multipartConfigElement matched:
      - @ConditionalOnMissingBean (types: jakarta.servlet.MultipartConfigElement; SearchStrategy: all) did not find any beans (OnBeanCondition)

   MultipartAutoConfiguration#multipartResolver matched:
      - @ConditionalOnMissingBean (types: org.springframework.web.multipart.MultipartResolver; SearchStrategy: all) did not find any beans (OnBeanCondition)

   NamedParameterJdbcTemplateConfiguration matched:
      - @ConditionalOnSingleCandidate (types: org.springframework.jdbc.core.JdbcTemplate; SearchStrategy: all) found a single bean 'jdbcTemplate'; @ConditionalOnMissingBean (types: org.springframework.jdbc.core.namedparam.NamedParameterJdbcOperations; SearchStrategy: all) did not find any beans (OnBeanCondition)

   NoOpCacheConfiguration matched:
      - Cache org.springframework.boot.autoconfigure.cache.NoOpCacheConfiguration automatic cache type (CacheCondition)

   OAuth2ResourceServerAutoConfiguration matched:
      - @ConditionalOnClass found required class 'org.springframework.security.oauth2.server.resource.authentication.BearerTokenAuthenticationToken' (OnClassCondition)
      - found 'session' scope (OnWebApplicationCondition)

   OAuth2ResourceServerOpaqueTokenConfiguration.OpaqueTokenIntrospectionClientConfiguration matched:
      - @ConditionalOnMissingBean (types: org.springframework.security.oauth2.server.resource.introspection.OpaqueTokenIntrospector; SearchStrategy: all) did not find any beans (OnBeanCondition)

   Oauth2ResourceServerConfiguration.JwtConfiguration matched:
      - @ConditionalOnClass found required class 'org.springframework.security.oauth2.jwt.JwtDecoder' (OnClassCondition)

   PersistenceExceptionTranslationAutoConfiguration matched:
      - @ConditionalOnClass found required class 'org.springframework.dao.annotation.PersistenceExceptionTranslationPostProcessor' (OnClassCondition)

   PersistenceExceptionTranslationAutoConfiguration#persistenceExceptionTranslationPostProcessor matched:
      - @ConditionalOnProperty (spring.dao.exceptiontranslation.enabled) matched (OnPropertyCondition)
      - @ConditionalOnMissingBean (types: org.springframework.dao.annotation.PersistenceExceptionTranslationPostProcessor; SearchStrategy: all) did not find any beans (OnBeanCondition)

   PropertyPlaceholderAutoConfiguration#propertySourcesPlaceholderConfigurer matched:
      - @ConditionalOnMissingBean (types: org.springframework.context.support.PropertySourcesPlaceholderConfigurer; SearchStrategy: current) did not find any beans (OnBeanCondition)

   RedisAutoConfiguration matched:
      - @ConditionalOnClass found required class 'org.springframework.data.redis.core.RedisOperations' (OnClassCondition)

   RedisAutoConfiguration#redisConnectionDetails matched:
      - @ConditionalOnMissingBean (types: org.springframework.boot.autoconfigure.data.redis.RedisConnectionDetails; SearchStrategy: all) did not find any beans (OnBeanCondition)

   RedisAutoConfiguration#redisTemplate matched:
      - @ConditionalOnSingleCandidate (types: org.springframework.data.redis.connection.RedisConnectionFactory; SearchStrategy: all) found a single bean 'redisConnectionFactory'; @ConditionalOnMissingBean (names: redisTemplate; SearchStrategy: all) did not find any beans (OnBeanCondition)

   RedisAutoConfiguration#stringRedisTemplate matched:
      - @ConditionalOnSingleCandidate (types: org.springframework.data.redis.connection.RedisConnectionFactory; SearchStrategy: all) found a single bean 'redisConnectionFactory'; @ConditionalOnMissingBean (types: org.springframework.data.redis.core.StringRedisTemplate; SearchStrategy: all) did not find any beans (OnBeanCondition)

   RedisCacheConfiguration matched:
      - @ConditionalOnClass found required class 'org.springframework.data.redis.connection.RedisConnectionFactory' (OnClassCondition)
      - Cache org.springframework.boot.autoconfigure.cache.RedisCacheConfiguration automatic cache type (CacheCondition)

   RedisRepositoriesAutoConfiguration matched:
      - @ConditionalOnClass found required class 'org.springframework.data.redis.repository.configuration.EnableRedisRepositories' (OnClassCondition)
      - @ConditionalOnProperty (spring.data.redis.repositories.enabled=true) matched (OnPropertyCondition)
      - @ConditionalOnBean (types: org.springframework.data.redis.connection.RedisConnectionFactory; SearchStrategy: all) found bean 'redisConnectionFactory'; @ConditionalOnMissingBean (types: org.springframework.data.redis.repository.support.RedisRepositoryFactoryBean; SearchStrategy: all) did not find any beans (OnBeanCondition)

   RestClientAutoConfiguration matched:
      - @ConditionalOnClass found required class 'org.springframework.web.client.RestClient' (OnClassCondition)
      - NoneNestedConditions 0 matched 1 did not; NestedCondition on NotReactiveWebApplicationCondition.ReactiveWebApplication did not find reactive web application classes (NotReactiveWebApplicationCondition)

   RestClientAutoConfiguration#httpMessageConvertersRestClientCustomizer matched:
      - @ConditionalOnMissingBean (types: org.springframework.boot.autoconfigure.web.client.HttpMessageConvertersRestClientCustomizer; SearchStrategy: all) did not find any beans (OnBeanCondition)

   RestClientAutoConfiguration#restClientBuilder matched:
      - @ConditionalOnMissingBean (types: org.springframework.web.client.RestClient$Builder; SearchStrategy: all) did not find any beans (OnBeanCondition)

   RestClientAutoConfiguration#restClientBuilderConfigurer matched:
      - @ConditionalOnMissingBean (types: org.springframework.boot.autoconfigure.web.client.RestClientBuilderConfigurer; SearchStrategy: all) did not find any beans (OnBeanCondition)

   RestClientAutoConfiguration#restClientSsl matched:
      - @ConditionalOnBean (types: org.springframework.boot.ssl.SslBundles; SearchStrategy: all) found bean 'sslBundleRegistry'; @ConditionalOnMissingBean (types: org.springframework.boot.autoconfigure.web.client.RestClientSsl; SearchStrategy: all) did not find any beans (OnBeanCondition)

   RestTemplateAutoConfiguration matched:
      - @ConditionalOnClass found required class 'org.springframework.web.client.RestTemplate' (OnClassCondition)
      - NoneNestedConditions 0 matched 1 did not; NestedCondition on NotReactiveWebApplicationCondition.ReactiveWebApplication did not find reactive web application classes (NotReactiveWebApplicationCondition)

   RestTemplateAutoConfiguration#restTemplateBuilder matched:
      - @ConditionalOnMissingBean (types: org.springframework.boot.web.client.RestTemplateBuilder; SearchStrategy: all) did not find any beans (OnBeanCondition)

   SecurityAutoConfiguration matched:
      - @ConditionalOnClass found required class 'org.springframework.security.authentication.DefaultAuthenticationEventPublisher' (OnClassCondition)

   SecurityAutoConfiguration#authenticationEventPublisher matched:
      - @ConditionalOnMissingBean (types: org.springframework.security.authentication.AuthenticationEventPublisher; SearchStrategy: all) did not find any beans (OnBeanCondition)

   SecurityFilterAutoConfiguration matched:
      - @ConditionalOnClass found required classes 'org.springframework.security.web.context.AbstractSecurityWebApplicationInitializer', 'org.springframework.security.config.http.SessionCreationPolicy' (OnClassCondition)
      - found 'session' scope (OnWebApplicationCondition)

   SecurityFilterAutoConfiguration#securityFilterChainRegistration matched:
      - @ConditionalOnBean (names: springSecurityFilterChain; SearchStrategy: all) found bean 'springSecurityFilterChain' (OnBeanCondition)

   ServletWebServerFactoryAutoConfiguration matched:
      - @ConditionalOnClass found required class 'jakarta.servlet.ServletRequest' (OnClassCondition)
      - found 'session' scope (OnWebApplicationCondition)

   ServletWebServerFactoryAutoConfiguration#tomcatServletWebServerFactoryCustomizer matched:
      - @ConditionalOnClass found required class 'org.apache.catalina.startup.Tomcat' (OnClassCondition)

   ServletWebServerFactoryConfiguration.EmbeddedTomcat matched:
      - @ConditionalOnClass found required classes 'jakarta.servlet.Servlet', 'org.apache.catalina.startup.Tomcat', 'org.apache.coyote.UpgradeProtocol' (OnClassCondition)
      - @ConditionalOnMissingBean (types: org.springframework.boot.web.servlet.server.ServletWebServerFactory; SearchStrategy: current) did not find any beans (OnBeanCondition)

   SimpleCacheConfiguration matched:
      - Cache org.springframework.boot.autoconfigure.cache.SimpleCacheConfiguration automatic cache type (CacheCondition)

   SpringBootWebSecurityConfiguration matched:
      - found 'session' scope (OnWebApplicationCondition)

   SpringDataWebAutoConfiguration matched:
      - @ConditionalOnClass found required classes 'org.springframework.data.web.PageableHandlerMethodArgumentResolver', 'org.springframework.web.servlet.config.annotation.WebMvcConfigurer' (OnClassCondition)
      - found 'session' scope (OnWebApplicationCondition)
      - @ConditionalOnMissingBean (types: org.springframework.data.web.PageableHandlerMethodArgumentResolver; SearchStrategy: all) did not find any beans (OnBeanCondition)

   SpringDataWebAutoConfiguration#pageableCustomizer matched:
      - @ConditionalOnMissingBean (types: org.springframework.data.web.config.PageableHandlerMethodArgumentResolverCustomizer; SearchStrategy: all) did not find any beans (OnBeanCondition)

   SpringDataWebAutoConfiguration#sortCustomizer matched:
      - @ConditionalOnMissingBean (types: org.springframework.data.web.config.SortHandlerMethodArgumentResolverCustomizer; SearchStrategy: all) did not find any beans (OnBeanCondition)

   SpringDocConfigProperties matched:
      - @ConditionalOnProperty (springdoc.api-docs.enabled) matched (OnPropertyCondition)
      - @ConditionalOnBean (types: org.springdoc.core.configuration.SpringDocConfiguration; SearchStrategy: all) found bean 'org.springdoc.core.configuration.SpringDocConfiguration' (OnBeanCondition)

   SpringDocConfiguration matched:
      - @ConditionalOnWebApplication (required) found 'session' scope (OnWebApplicationCondition)
      - @ConditionalOnProperty (springdoc.api-docs.enabled) matched (OnPropertyCondition)

   SpringDocConfiguration#fileSupportConverter matched:
      - @ConditionalOnMissingBean (types: org.springdoc.core.converters.FileSupportConverter; SearchStrategy: all) did not find any beans (OnBeanCondition)

   SpringDocConfiguration#openAPIBuilder matched:
      - @ConditionalOnMissingBean (types: org.springdoc.core.service.OpenAPIService; SearchStrategy: all) did not find any beans (OnBeanCondition)

   SpringDocConfiguration#operationBuilder matched:
      - @ConditionalOnMissingBean (types: org.springdoc.core.service.OperationService; SearchStrategy: all) did not find any beans (OnBeanCondition)

   SpringDocConfiguration#parameterBuilder matched:
      - @ConditionalOnMissingBean (types: org.springdoc.core.service.GenericParameterService; SearchStrategy: all) did not find any beans (OnBeanCondition)

   SpringDocConfiguration#polymorphicModelConverter matched:
      - @ConditionalOnProperty (springdoc.model-converters.polymorphic-converter.enabled) matched (OnPropertyCondition)
      - @ConditionalOnMissingBean (types: org.springdoc.core.converters.PolymorphicModelConverter; SearchStrategy: all) did not find any beans (OnBeanCondition)

   SpringDocConfiguration#requestBodyBuilder matched:
      - @ConditionalOnMissingBean (types: org.springdoc.core.service.RequestBodyService; SearchStrategy: all) did not find any beans (OnBeanCondition)

   SpringDocConfiguration#responseSupportConverter matched:
      - @ConditionalOnMissingBean (types: org.springdoc.core.converters.ResponseSupportConverter; SearchStrategy: all) did not find any beans (OnBeanCondition)

   SpringDocConfiguration#schemaPropertyDeprecatingConverter matched:
      - @ConditionalOnProperty (springdoc.model-converters.deprecating-converter.enabled) matched (OnPropertyCondition)
      - @ConditionalOnMissingBean (types: org.springdoc.core.converters.SchemaPropertyDeprecatingConverter; SearchStrategy: all) did not find any beans (OnBeanCondition)

   SpringDocConfiguration#securityParser matched:
      - @ConditionalOnMissingBean (types: org.springdoc.core.service.SecurityService; SearchStrategy: all) did not find any beans (OnBeanCondition)

   SpringDocConfiguration#springDocCustomizers matched:
      - @ConditionalOnMissingBean (types: org.springdoc.core.customizers.SpringDocCustomizers; SearchStrategy: all) did not find any beans (OnBeanCondition)

   SpringDocConfiguration#springDocProviders matched:
      - @ConditionalOnMissingBean (types: org.springdoc.core.providers.SpringDocProviders; SearchStrategy: all) did not find any beans (OnBeanCondition)

   SpringDocConfiguration#springdocObjectMapperProvider matched:
      - @ConditionalOnMissingBean (types: org.springdoc.core.providers.ObjectMapperProvider; SearchStrategy: all) did not find any beans (OnBeanCondition)

   SpringDocConfiguration.QuerydslProvider matched:
      - @ConditionalOnClass found required class 'org.springframework.data.querydsl.binding.QuerydslBindingsFactory' (OnClassCondition)

   SpringDocConfiguration.QuerydslProvider#queryDslQuerydslPredicateOperationCustomizer matched:
      - @ConditionalOnMissingBean (types: org.springdoc.core.customizers.QuerydslPredicateOperationCustomizer; SearchStrategy: all) did not find any beans (OnBeanCondition)

   SpringDocConfiguration.SpringDocSpringDataWebPropertiesProvider matched:
      - @ConditionalOnClass found required class 'org.springframework.boot.autoconfigure.data.web.SpringDataWebProperties' (OnClassCondition)

   SpringDocConfiguration.SpringDocSpringDataWebPropertiesProvider#springDataWebPropertiesProvider matched:
      - @ConditionalOnMissingBean (types: org.springdoc.core.providers.SpringDataWebPropertiesProvider; SearchStrategy: all) did not find any beans (OnBeanCondition)

   SpringDocConfiguration.WebConversionServiceConfiguration matched:
      - @ConditionalOnClass found required class 'org.springframework.boot.autoconfigure.web.format.WebConversionService' (OnClassCondition)

   SpringDocPageableConfiguration matched:
      - @ConditionalOnClass found required class 'org.springframework.data.domain.Pageable' (OnClassCondition)
      - @ConditionalOnWebApplication (required) found 'session' scope (OnWebApplicationCondition)
      - @ConditionalOnProperty (springdoc.api-docs.enabled) matched (OnPropertyCondition)
      - @ConditionalOnBean (types: org.springdoc.core.configuration.SpringDocConfiguration; SearchStrategy: all) found bean 'org.springdoc.core.configuration.SpringDocConfiguration' (OnBeanCondition)

   SpringDocPageableConfiguration#delegatingMethodParameterCustomizer matched:
      - @ConditionalOnMissingBean (types: org.springdoc.core.customizers.DelegatingMethodParameterCustomizer; SearchStrategy: all) did not find any beans (OnBeanCondition)

   SpringDocPageableConfiguration#pageableOpenAPIConverter matched:
      - @ConditionalOnProperty (springdoc.model-converters.pageable-converter.enabled) matched (OnPropertyCondition)
      - @ConditionalOnMissingBean (types: org.springdoc.core.converters.PageableOpenAPIConverter; SearchStrategy: all) did not find any beans (OnBeanCondition)

   SpringDocSecurityConfiguration matched:
      - @ConditionalOnClass found required class 'org.springframework.security.web.SecurityFilterChain' (OnClassCondition)
      - @ConditionalOnWebApplication (required) found 'session' scope (OnWebApplicationCondition)
      - @ConditionalOnExpression (#{${springdoc.api-docs.enabled:true} and ${springdoc.enable-spring-security:true}}) resulted in true (OnExpressionCondition)
      - @ConditionalOnBean (types: org.springdoc.core.configuration.SpringDocConfiguration; SearchStrategy: all) found bean 'org.springdoc.core.configuration.SpringDocConfiguration' (OnBeanCondition)

   SpringDocSecurityConfiguration.SpringSecurityLoginEndpointConfiguration matched:
      - @ConditionalOnClass found required class 'jakarta.servlet.Filter' (OnClassCondition)

   SpringDocSortConfiguration matched:
      - @ConditionalOnClass found required class 'org.springframework.data.domain.Sort' (OnClassCondition)
      - @ConditionalOnWebApplication (required) found 'session' scope (OnWebApplicationCondition)
      - @ConditionalOnProperty (springdoc.api-docs.enabled) matched (OnPropertyCondition)
      - @ConditionalOnBean (types: org.springdoc.core.configuration.SpringDocConfiguration; SearchStrategy: all) found bean 'org.springdoc.core.configuration.SpringDocConfiguration' (OnBeanCondition)

   SpringDocSortConfiguration#sortOpenAPIConverter matched:
      - @ConditionalOnProperty (springdoc.sort-converter.enabled) matched (OnPropertyCondition)
      - @ConditionalOnMissingBean (types: org.springdoc.core.converters.SortOpenAPIConverter; SearchStrategy: all) did not find any beans (OnBeanCondition)

   SpringDocUIConfiguration matched:
      - @ConditionalOnWebApplication (required) found 'session' scope (OnWebApplicationCondition)
      - @ConditionalOnBean (types: org.springdoc.core.configuration.SpringDocConfiguration; SearchStrategy: all) found bean 'org.springdoc.core.configuration.SpringDocConfiguration' (OnBeanCondition)

   SpringDocWebMvcConfiguration matched:
      - found 'session' scope (OnWebApplicationCondition)
      - @ConditionalOnProperty (springdoc.api-docs.enabled) matched (OnPropertyCondition)
      - @ConditionalOnBean (types: org.springdoc.core.configuration.SpringDocConfiguration; SearchStrategy: all) found bean 'org.springdoc.core.configuration.SpringDocConfiguration' (OnBeanCondition)

   SpringDocWebMvcConfiguration#openApiResource matched:
      - @ConditionalOnExpression (#{(${springdoc.use-management-port:false} == false ) and ${springdoc.enable-default-api-docs:true}}) resulted in true (OnExpressionCondition)
      - @ConditionalOnMissingBean (types: org.springdoc.webmvc.api.OpenApiWebMvcResource; SearchStrategy: all) did not find any beans (OnBeanCondition)

   SpringDocWebMvcConfiguration#requestBuilder matched:
      - @ConditionalOnMissingBean (types: org.springdoc.webmvc.core.service.RequestService; SearchStrategy: all) did not find any beans (OnBeanCondition)

   SpringDocWebMvcConfiguration#responseBuilder matched:
      - @ConditionalOnMissingBean (types: org.springdoc.core.service.GenericResponseService; SearchStrategy: all) did not find any beans (OnBeanCondition)

   SpringDocWebMvcConfiguration#springWebProvider matched:
      - @ConditionalOnMissingBean (types: org.springdoc.core.providers.SpringWebProvider; SearchStrategy: all) did not find any beans (OnBeanCondition)

   SpringDocWebMvcConfiguration.SpringDocWebMvcRouterConfiguration matched:
      - @ConditionalOnClass found required class 'org.springframework.web.servlet.function.RouterFunction' (OnClassCondition)

   SpringDocWebMvcConfiguration.SpringDocWebMvcRouterConfiguration#routerFunctionProvider matched:
      - @ConditionalOnMissingBean (types: org.springdoc.webmvc.core.providers.RouterFunctionWebMvcProvider; SearchStrategy: all) did not find any beans (OnBeanCondition)

   SqlInitializationAutoConfiguration matched:
      - @ConditionalOnProperty (spring.sql.init.enabled) matched (OnPropertyCondition)
      - NoneNestedConditions 0 matched 1 did not; NestedCondition on SqlInitializationAutoConfiguration.SqlInitializationModeCondition.ModeIsNever @ConditionalOnProperty (spring.sql.init.mode=never) did not find property 'mode' (SqlInitializationAutoConfiguration.SqlInitializationModeCondition)

   SslAutoConfiguration#sslBundleRegistry matched:
      - @ConditionalOnMissingBean (types: org.springframework.boot.ssl.SslBundleRegistry,org.springframework.boot.ssl.SslBundles; SearchStrategy: all) did not find any beans (OnBeanCondition)

   SwaggerConfig matched:
      - found 'session' scope (OnWebApplicationCondition)
      - @ConditionalOnProperty (springdoc.swagger-ui.enabled) matched (OnPropertyCondition)
      - @ConditionalOnBean (types: org.springdoc.core.configuration.SpringDocConfiguration; SearchStrategy: all) found bean 'org.springdoc.core.configuration.SpringDocConfiguration' (OnBeanCondition)

   SwaggerConfig#indexPageTransformer matched:
      - @ConditionalOnMissingBean (types: org.springdoc.webmvc.ui.SwaggerIndexTransformer; SearchStrategy: all) did not find any beans (OnBeanCondition)

   SwaggerConfig#swaggerConfigResource matched:
      - @ConditionalOnProperty (springdoc.use-management-port=false) matched (OnPropertyCondition)
      - @ConditionalOnMissingBean (types: org.springdoc.webmvc.ui.SwaggerConfigResource; SearchStrategy: all) did not find any beans (OnBeanCondition)

   SwaggerConfig#swaggerResourceResolver matched:
      - @ConditionalOnMissingBean (types: org.springdoc.webmvc.ui.SwaggerResourceResolver; SearchStrategy: all) did not find any beans (OnBeanCondition)

   SwaggerConfig#swaggerWebMvcConfigurer matched:
      - @ConditionalOnMissingBean (types: org.springdoc.webmvc.ui.SwaggerWebMvcConfigurer; SearchStrategy: all) did not find any beans (OnBeanCondition)

   SwaggerConfig#swaggerWelcome matched:
      - @ConditionalOnProperty (springdoc.use-management-port=false) matched (OnPropertyCondition)
      - @ConditionalOnMissingBean (types: org.springdoc.webmvc.ui.SwaggerWelcomeWebMvc; SearchStrategy: all) did not find any beans (OnBeanCondition)

   SwaggerUiConfigParameters matched:
      - @ConditionalOnProperty (springdoc.swagger-ui.enabled) matched (OnPropertyCondition)
      - @ConditionalOnBean (types: org.springdoc.core.configuration.SpringDocConfiguration; SearchStrategy: all) found bean 'org.springdoc.core.configuration.SpringDocConfiguration' (OnBeanCondition)

   SwaggerUiConfigProperties matched:
      - @ConditionalOnProperty (springdoc.swagger-ui.enabled) matched (OnPropertyCondition)
      - @ConditionalOnBean (types: org.springdoc.core.configuration.SpringDocConfiguration; SearchStrategy: all) found bean 'org.springdoc.core.configuration.SpringDocConfiguration' (OnBeanCondition)

   SwaggerUiOAuthProperties matched:
      - @ConditionalOnProperty (springdoc.swagger-ui.enabled) matched (OnPropertyCondition)
      - @ConditionalOnBean (types: org.springdoc.core.configuration.SpringDocConfiguration; SearchStrategy: all) found bean 'org.springdoc.core.configuration.SpringDocConfiguration' (OnBeanCondition)

   TaskExecutionAutoConfiguration matched:
      - @ConditionalOnClass found required class 'org.springframework.scheduling.concurrent.ThreadPoolTaskExecutor' (OnClassCondition)

   TaskExecutorConfigurations.SimpleAsyncTaskExecutorBuilderConfiguration#simpleAsyncTaskExecutorBuilder matched:
      - @ConditionalOnMissingBean (types: org.springframework.boot.task.SimpleAsyncTaskExecutorBuilder; SearchStrategy: all) did not find any beans (OnBeanCondition)
      - @ConditionalOnThreading found PLATFORM (OnThreadingCondition)

   TaskExecutorConfigurations.TaskExecutorBuilderConfiguration#taskExecutorBuilder matched:
      - @ConditionalOnMissingBean (types: org.springframework.boot.task.TaskExecutorBuilder; SearchStrategy: all) did not find any beans (OnBeanCondition)

   TaskExecutorConfigurations.TaskExecutorConfiguration matched:
      - @ConditionalOnMissingBean (types: java.util.concurrent.Executor; SearchStrategy: all) did not find any beans (OnBeanCondition)

   TaskExecutorConfigurations.TaskExecutorConfiguration#applicationTaskExecutor matched:
      - @ConditionalOnThreading found PLATFORM (OnThreadingCondition)

   TaskExecutorConfigurations.ThreadPoolTaskExecutorBuilderConfiguration#threadPoolTaskExecutorBuilder matched:
      - @ConditionalOnMissingBean (types: org.springframework.boot.task.TaskExecutorBuilder,org.springframework.boot.task.ThreadPoolTaskExecutorBuilder; SearchStrategy: all) did not find any beans (OnBeanCondition)

   TaskSchedulingAutoConfiguration matched:
      - @ConditionalOnClass found required class 'org.springframework.scheduling.concurrent.ThreadPoolTaskScheduler' (OnClassCondition)

   TaskSchedulingConfigurations.SimpleAsyncTaskSchedulerBuilderConfiguration#simpleAsyncTaskSchedulerBuilder matched:
      - @ConditionalOnMissingBean (types: org.springframework.boot.task.SimpleAsyncTaskSchedulerBuilder; SearchStrategy: all) did not find any beans (OnBeanCondition)
      - @ConditionalOnThreading found PLATFORM (OnThreadingCondition)

   TaskSchedulingConfigurations.TaskSchedulerBuilderConfiguration#taskSchedulerBuilder matched:
      - @ConditionalOnMissingBean (types: org.springframework.boot.task.TaskSchedulerBuilder; SearchStrategy: all) did not find any beans (OnBeanCondition)

   TaskSchedulingConfigurations.ThreadPoolTaskSchedulerBuilderConfiguration#threadPoolTaskSchedulerBuilder matched:
      - @ConditionalOnMissingBean (types: org.springframework.boot.task.TaskSchedulerBuilder,org.springframework.boot.task.ThreadPoolTaskSchedulerBuilder; SearchStrategy: all) did not find any beans (OnBeanCondition)

   TransactionAutoConfiguration matched:
      - @ConditionalOnClass found required class 'org.springframework.transaction.PlatformTransactionManager' (OnClassCondition)

   TransactionAutoConfiguration.EnableTransactionManagementConfiguration matched:
      - @ConditionalOnBean (types: org.springframework.transaction.TransactionManager; SearchStrategy: all) found bean 'transactionManager'; @ConditionalOnMissingBean (types: org.springframework.transaction.annotation.AbstractTransactionManagementConfiguration; SearchStrategy: all) did not find any beans (OnBeanCondition)

   TransactionAutoConfiguration.EnableTransactionManagementConfiguration.CglibAutoProxyConfiguration matched:
      - @ConditionalOnProperty (spring.aop.proxy-target-class=true) matched (OnPropertyCondition)

   TransactionAutoConfiguration.TransactionTemplateConfiguration matched:
      - @ConditionalOnSingleCandidate (types: org.springframework.transaction.PlatformTransactionManager; SearchStrategy: all) found a single bean 'transactionManager' (OnBeanCondition)

   TransactionAutoConfiguration.TransactionTemplateConfiguration#transactionTemplate matched:
      - @ConditionalOnMissingBean (types: org.springframework.transaction.support.TransactionOperations; SearchStrategy: all) did not find any beans (OnBeanCondition)

   TransactionManagerCustomizationAutoConfiguration matched:
      - @ConditionalOnClass found required class 'org.springframework.transaction.PlatformTransactionManager' (OnClassCondition)

   TransactionManagerCustomizationAutoConfiguration#platformTransactionManagerCustomizers matched:
      - @ConditionalOnMissingBean (types: org.springframework.boot.autoconfigure.transaction.TransactionManagerCustomizers; SearchStrategy: all) did not find any beans (OnBeanCondition)

   ValidationAutoConfiguration matched:
      - @ConditionalOnClass found required class 'jakarta.validation.executable.ExecutableValidator' (OnClassCondition)
      - @ConditionalOnResource found location classpath:META-INF/services/jakarta.validation.spi.ValidationProvider (OnResourceCondition)

   ValidationAutoConfiguration#defaultValidator matched:
      - @ConditionalOnMissingBean (types: jakarta.validation.Validator; SearchStrategy: all) did not find any beans (OnBeanCondition)

   ValidationAutoConfiguration#methodValidationPostProcessor matched:
      - @ConditionalOnMissingBean (types: org.springframework.validation.beanvalidation.MethodValidationPostProcessor; SearchStrategy: current) did not find any beans (OnBeanCondition)

   WebMvcAutoConfiguration matched:
      - @ConditionalOnClass found required classes 'jakarta.servlet.Servlet', 'org.springframework.web.servlet.DispatcherServlet', 'org.springframework.web.servlet.config.annotation.WebMvcConfigurer' (OnClassCondition)
      - found 'session' scope (OnWebApplicationCondition)
      - @ConditionalOnMissingBean (types: org.springframework.web.servlet.config.annotation.WebMvcConfigurationSupport; SearchStrategy: all) did not find any beans (OnBeanCondition)

   WebMvcAutoConfiguration#formContentFilter matched:
      - @ConditionalOnProperty (spring.mvc.formcontent.filter.enabled) matched (OnPropertyCondition)
      - @ConditionalOnMissingBean (types: org.springframework.web.filter.FormContentFilter; SearchStrategy: all) did not find any beans (OnBeanCondition)

   WebMvcAutoConfiguration.EnableWebMvcConfiguration#flashMapManager matched:
      - @ConditionalOnMissingBean (names: flashMapManager; SearchStrategy: all) did not find any beans (OnBeanCondition)

   WebMvcAutoConfiguration.EnableWebMvcConfiguration#localeResolver matched:
      - @ConditionalOnMissingBean (names: localeResolver; SearchStrategy: all) did not find any beans (OnBeanCondition)

   WebMvcAutoConfiguration.EnableWebMvcConfiguration#themeResolver matched:
      - @ConditionalOnMissingBean (names: themeResolver; SearchStrategy: all) did not find any beans (OnBeanCondition)

   WebMvcAutoConfiguration.WebMvcAutoConfigurationAdapter#defaultViewResolver matched:
      - @ConditionalOnMissingBean (types: org.springframework.web.servlet.view.InternalResourceViewResolver; SearchStrategy: all) did not find any beans (OnBeanCondition)

   WebMvcAutoConfiguration.WebMvcAutoConfigurationAdapter#requestContextFilter matched:
      - @ConditionalOnMissingBean (types: org.springframework.web.context.request.RequestContextListener,org.springframework.web.filter.RequestContextFilter; SearchStrategy: all) did not find any beans (OnBeanCondition)

   WebMvcAutoConfiguration.WebMvcAutoConfigurationAdapter#viewResolver matched:
      - @ConditionalOnBean (types: org.springframework.web.servlet.ViewResolver; SearchStrategy: all) found beans 'defaultViewResolver', 'beanNameViewResolver', 'mvcViewResolver'; @ConditionalOnMissingBean (names: viewResolver types: org.springframework.web.servlet.view.ContentNegotiatingViewResolver; SearchStrategy: all) did not find any beans (OnBeanCondition)

   WebSocketServletAutoConfiguration matched:
      - @ConditionalOnClass found required classes 'jakarta.servlet.Servlet', 'jakarta.websocket.server.ServerContainer' (OnClassCondition)
      - found 'session' scope (OnWebApplicationCondition)

   WebSocketServletAutoConfiguration.TomcatWebSocketConfiguration matched:
      - @ConditionalOnClass found required classes 'org.apache.catalina.startup.Tomcat', 'org.apache.tomcat.websocket.server.WsSci' (OnClassCondition)

   WebSocketServletAutoConfiguration.TomcatWebSocketConfiguration#websocketServletWebServerCustomizer matched:
      - @ConditionalOnMissingBean (names: websocketServletWebServerCustomizer; SearchStrategy: all) did not find any beans (OnBeanCondition)


Negative matches:
-----------------

   ActiveMQAutoConfiguration:
      Did not match:
         - @ConditionalOnClass did not find required class 'jakarta.jms.ConnectionFactory' (OnClassCondition)

   AopAutoConfiguration.AspectJAutoProxyingConfiguration.JdkDynamicAutoProxyConfiguration:
      Did not match:
         - @ConditionalOnProperty (spring.aop.proxy-target-class=false) did not find property 'proxy-target-class' (OnPropertyCondition)

   AopAutoConfiguration.ClassProxyingConfiguration:
      Did not match:
         - @ConditionalOnMissingClass found unwanted class 'org.aspectj.weaver.Advice' (OnClassCondition)

   ArtemisAutoConfiguration:
      Did not match:
         - @ConditionalOnClass did not find required class 'jakarta.jms.ConnectionFactory' (OnClassCondition)

   BatchAutoConfiguration:
      Did not match:
         - @ConditionalOnClass did not find required class 'org.springframework.batch.core.launch.JobLauncher' (OnClassCondition)

   Cache2kCacheConfiguration:
      Did not match:
         - @ConditionalOnClass did not find required class 'org.cache2k.Cache2kBuilder' (OnClassCondition)

   CacheAutoConfiguration:
      Did not match:
         - @ConditionalOnBean (types: org.springframework.cache.interceptor.CacheAspectSupport; SearchStrategy: all) did not find any beans of type org.springframework.cache.interceptor.CacheAspectSupport (OnBeanCondition)
      Matched:
         - @ConditionalOnClass found required class 'org.springframework.cache.CacheManager' (OnClassCondition)

   CacheAutoConfiguration.CacheManagerEntityManagerFactoryDependsOnPostProcessor:
      Did not match:
         - Ancestor org.springframework.boot.autoconfigure.cache.CacheAutoConfiguration did not match (ConditionEvaluationReport.AncestorsMatchedCondition)
      Matched:
         - @ConditionalOnClass found required class 'org.springframework.orm.jpa.LocalContainerEntityManagerFactoryBean' (OnClassCondition)

   CaffeineCacheConfiguration:
      Did not match:
         - @ConditionalOnClass did not find required class 'com.github.benmanes.caffeine.cache.Caffeine' (OnClassCondition)

   CassandraAutoConfiguration:
      Did not match:
         - @ConditionalOnClass did not find required class 'com.datastax.oss.driver.api.core.CqlSession' (OnClassCondition)

   CassandraDataAutoConfiguration:
      Did not match:
         - @ConditionalOnClass did not find required class 'com.datastax.oss.driver.api.core.CqlSession' (OnClassCondition)

   CassandraReactiveDataAutoConfiguration:
      Did not match:
         - @ConditionalOnClass did not find required class 'com.datastax.oss.driver.api.core.CqlSession' (OnClassCondition)

   CassandraReactiveRepositoriesAutoConfiguration:
      Did not match:
         - @ConditionalOnClass did not find required class 'org.springframework.data.cassandra.ReactiveSession' (OnClassCondition)

   CassandraRepositoriesAutoConfiguration:
      Did not match:
         - @ConditionalOnClass did not find required class 'com.datastax.oss.driver.api.core.CqlSession' (OnClassCondition)

   ClientHttpConnectorAutoConfiguration:
      Did not match:
         - @ConditionalOnClass did not find required class 'org.springframework.web.reactive.function.client.WebClient' (OnClassCondition)

   CodecsAutoConfiguration:
      Did not match:
         - @ConditionalOnClass did not find required class 'org.springframework.web.reactive.function.client.WebClient' (OnClassCondition)

   CouchbaseAutoConfiguration:
      Did not match:
         - @ConditionalOnClass did not find required class 'com.couchbase.client.java.Cluster' (OnClassCondition)

   CouchbaseCacheConfiguration:
      Did not match:
         - @ConditionalOnClass did not find required class 'com.couchbase.client.java.Cluster' (OnClassCondition)

   CouchbaseDataAutoConfiguration:
      Did not match:
         - @ConditionalOnClass did not find required class 'com.couchbase.client.java.Bucket' (OnClassCondition)

   CouchbaseReactiveDataAutoConfiguration:
      Did not match:
         - @ConditionalOnClass did not find required class 'com.couchbase.client.java.Cluster' (OnClassCondition)

   CouchbaseReactiveRepositoriesAutoConfiguration:
      Did not match:
         - @ConditionalOnClass did not find required class 'com.couchbase.client.java.Cluster' (OnClassCondition)

   CouchbaseRepositoriesAutoConfiguration:
      Did not match:
         - @ConditionalOnClass did not find required class 'com.couchbase.client.java.Bucket' (OnClassCondition)

   DataSourceAutoConfiguration.EmbeddedDatabaseConfiguration:
      Did not match:
         - EmbeddedDataSource spring.datasource.url is set (DataSourceAutoConfiguration.EmbeddedDatabaseCondition)

   DataSourceCheckpointRestoreConfiguration:
      Did not match:
         - @ConditionalOnClass did not find required class 'org.crac.Resource' (OnClassCondition)

   DataSourceConfiguration.Dbcp2:
      Did not match:
         - @ConditionalOnClass did not find required class 'org.apache.commons.dbcp2.BasicDataSource' (OnClassCondition)

   DataSourceConfiguration.Generic:
      Did not match:
         - @ConditionalOnProperty (spring.datasource.type) did not find property 'spring.datasource.type' (OnPropertyCondition)

   DataSourceConfiguration.OracleUcp:
      Did not match:
         - @ConditionalOnClass did not find required classes 'oracle.ucp.jdbc.PoolDataSourceImpl', 'oracle.jdbc.OracleConnection' (OnClassCondition)

   DataSourceConfiguration.Tomcat:
      Did not match:
         - @ConditionalOnClass did not find required class 'org.apache.tomcat.jdbc.pool.DataSource' (OnClassCondition)

   DataSourceJmxConfiguration.TomcatDataSourceJmxConfiguration:
      Did not match:
         - @ConditionalOnClass did not find required class 'org.apache.tomcat.jdbc.pool.DataSourceProxy' (OnClassCondition)

   DataSourcePoolMetadataProvidersConfiguration.CommonsDbcp2PoolDataSourceMetadataProviderConfiguration:
      Did not match:
         - @ConditionalOnClass did not find required class 'org.apache.commons.dbcp2.BasicDataSource' (OnClassCondition)

   DataSourcePoolMetadataProvidersConfiguration.OracleUcpPoolDataSourceMetadataProviderConfiguration:
      Did not match:
         - @ConditionalOnClass did not find required classes 'oracle.ucp.jdbc.PoolDataSource', 'oracle.jdbc.OracleConnection' (OnClassCondition)

   DataSourcePoolMetadataProvidersConfiguration.TomcatDataSourcePoolMetadataProviderConfiguration:
      Did not match:
         - @ConditionalOnClass did not find required class 'org.apache.tomcat.jdbc.pool.DataSource' (OnClassCondition)

   DataSourceTransactionManagerAutoConfiguration.JdbcTransactionManagerConfiguration#transactionManager:
      Did not match:
         - @ConditionalOnMissingBean (types: org.springframework.transaction.TransactionManager; SearchStrategy: all) found beans of type 'org.springframework.transaction.TransactionManager' transactionManager (OnBeanCondition)

   DispatcherServletAutoConfiguration.DispatcherServletConfiguration#multipartResolver:
      Did not match:
         - @ConditionalOnBean (types: org.springframework.web.multipart.MultipartResolver; SearchStrategy: all) did not find any beans of type org.springframework.web.multipart.MultipartResolver (OnBeanCondition)

   ElasticsearchClientAutoConfiguration:
      Did not match:
         - @ConditionalOnClass did not find required class 'co.elastic.clients.elasticsearch.ElasticsearchClient' (OnClassCondition)

   ElasticsearchDataAutoConfiguration:
      Did not match:
         - @ConditionalOnClass did not find required class 'org.springframework.data.elasticsearch.client.elc.ElasticsearchTemplate' (OnClassCondition)

   ElasticsearchRepositoriesAutoConfiguration:
      Did not match:
         - @ConditionalOnClass did not find required class 'org.springframework.data.elasticsearch.repository.ElasticsearchRepository' (OnClassCondition)

   ElasticsearchRestClientAutoConfiguration:
      Did not match:
         - @ConditionalOnClass did not find required class 'org.elasticsearch.client.RestClientBuilder' (OnClassCondition)

   EmbeddedLdapAutoConfiguration:
      Did not match:
         - @ConditionalOnClass did not find required class 'com.unboundid.ldap.listener.InMemoryDirectoryServer' (OnClassCondition)

   EmbeddedWebServerFactoryCustomizerAutoConfiguration.JettyWebServerFactoryCustomizerConfiguration:
      Did not match:
         - @ConditionalOnClass did not find required classes 'org.eclipse.jetty.server.Server', 'org.eclipse.jetty.util.Loader', 'org.eclipse.jetty.ee10.webapp.WebAppContext' (OnClassCondition)

   EmbeddedWebServerFactoryCustomizerAutoConfiguration.NettyWebServerFactoryCustomizerConfiguration:
      Did not match:
         - @ConditionalOnClass did not find required class 'reactor.netty.http.server.HttpServer' (OnClassCondition)

   EmbeddedWebServerFactoryCustomizerAutoConfiguration.TomcatWebServerFactoryCustomizerConfiguration#tomcatVirtualThreadsProtocolHandlerCustomizer:
      Did not match:
         - @ConditionalOnThreading did not find VIRTUAL (OnThreadingCondition)

   EmbeddedWebServerFactoryCustomizerAutoConfiguration.UndertowWebServerFactoryCustomizerConfiguration:
      Did not match:
         - @ConditionalOnClass did not find required classes 'io.undertow.Undertow', 'org.xnio.SslClientAuthMode' (OnClassCondition)

   ErrorWebFluxAutoConfiguration:
      Did not match:
         - @ConditionalOnClass did not find required class 'org.springframework.web.reactive.config.WebFluxConfigurer' (OnClassCondition)

   FlywayAutoConfiguration:
      Did not match:
         - @ConditionalOnClass did not find required class 'org.flywaydb.core.Flyway' (OnClassCondition)

   FreeMarkerAutoConfiguration:
      Did not match:
         - @ConditionalOnClass did not find required class 'freemarker.template.Configuration' (OnClassCondition)

   GraphQlAutoConfiguration:
      Did not match:
         - @ConditionalOnClass did not find required class 'graphql.GraphQL' (OnClassCondition)

   GraphQlQueryByExampleAutoConfiguration:
      Did not match:
         - @ConditionalOnClass did not find required class 'graphql.GraphQL' (OnClassCondition)

   GraphQlQuerydslAutoConfiguration:
      Did not match:
         - @ConditionalOnClass did not find required class 'com.querydsl.core.Query' (OnClassCondition)

   GraphQlRSocketAutoConfiguration:
      Did not match:
         - @ConditionalOnClass did not find required class 'graphql.GraphQL' (OnClassCondition)

   GraphQlReactiveQueryByExampleAutoConfiguration:
      Did not match:
         - @ConditionalOnClass did not find required class 'graphql.GraphQL' (OnClassCondition)

   GraphQlReactiveQuerydslAutoConfiguration:
      Did not match:
         - @ConditionalOnClass did not find required class 'com.querydsl.core.Query' (OnClassCondition)

   GraphQlWebFluxAutoConfiguration:
      Did not match:
         - @ConditionalOnClass did not find required class 'graphql.GraphQL' (OnClassCondition)

   GraphQlWebFluxSecurityAutoConfiguration:
      Did not match:
         - @ConditionalOnClass did not find required class 'graphql.GraphQL' (OnClassCondition)

   GraphQlWebMvcAutoConfiguration:
      Did not match:
         - @ConditionalOnClass did not find required class 'graphql.GraphQL' (OnClassCondition)

   GraphQlWebMvcSecurityAutoConfiguration:
      Did not match:
         - @ConditionalOnClass did not find required class 'graphql.GraphQL' (OnClassCondition)

   GroovyTemplateAutoConfiguration:
      Did not match:
         - @ConditionalOnClass did not find required class 'groovy.text.markup.MarkupTemplateEngine' (OnClassCondition)

   GsonHttpMessageConvertersConfiguration.GsonHttpMessageConverterConfiguration:
      Did not match:
         - AnyNestedCondition 0 matched 2 did not; NestedCondition on GsonHttpMessageConvertersConfiguration.PreferGsonOrJacksonAndJsonbUnavailableCondition.JacksonJsonbUnavailable NoneNestedConditions 1 matched 1 did not; NestedCondition on GsonHttpMessageConvertersConfiguration.JacksonAndJsonbUnavailableCondition.JsonbPreferred @ConditionalOnProperty (spring.mvc.converters.preferred-json-mapper=jsonb) did not find property 'spring.mvc.converters.preferred-json-mapper'; NestedCondition on GsonHttpMessageConvertersConfiguration.JacksonAndJsonbUnavailableCondition.JacksonAvailable @ConditionalOnBean (types: org.springframework.http.converter.json.MappingJackson2HttpMessageConverter; SearchStrategy: all) found bean 'mappingJackson2HttpMessageConverter'; NestedCondition on GsonHttpMessageConvertersConfiguration.PreferGsonOrJacksonAndJsonbUnavailableCondition.GsonPreferred @ConditionalOnProperty (spring.mvc.converters.preferred-json-mapper=gson) did not find property 'spring.mvc.converters.preferred-json-mapper' (GsonHttpMessageConvertersConfiguration.PreferGsonOrJacksonAndJsonbUnavailableCondition)

   H2ConsoleAutoConfiguration:
      Did not match:
         - @ConditionalOnClass did not find required class 'org.h2.server.web.JakartaWebServlet' (OnClassCondition)

   HazelcastAutoConfiguration:
      Did not match:
         - @ConditionalOnClass did not find required class 'com.hazelcast.core.HazelcastInstance' (OnClassCondition)

   HazelcastCacheConfiguration:
      Did not match:
         - @ConditionalOnClass did not find required class 'com.hazelcast.core.HazelcastInstance' (OnClassCondition)

   HazelcastJpaDependencyAutoConfiguration:
      Did not match:
         - @ConditionalOnClass did not find required class 'com.hazelcast.core.HazelcastInstance' (OnClassCondition)

   HttpHandlerAutoConfiguration:
      Did not match:
         - @ConditionalOnClass did not find required class 'org.springframework.web.reactive.DispatcherHandler' (OnClassCondition)

   HypermediaAutoConfiguration:
      Did not match:
         - @ConditionalOnClass did not find required class 'org.springframework.hateoas.EntityModel' (OnClassCondition)

   InfinispanCacheConfiguration:
      Did not match:
         - @ConditionalOnClass did not find required class 'org.infinispan.spring.embedded.provider.SpringEmbeddedCacheManager' (OnClassCondition)

   InfluxDbAutoConfiguration:
      Did not match:
         - @ConditionalOnClass did not find required class 'org.influxdb.InfluxDB' (OnClassCondition)

   IntegrationAutoConfiguration:
      Did not match:
         - @ConditionalOnClass did not find required class 'org.springframework.integration.config.EnableIntegration' (OnClassCondition)

   JCacheCacheConfiguration:
      Did not match:
         - @ConditionalOnClass did not find required class 'javax.cache.Caching' (OnClassCondition)

   JacksonHttpMessageConvertersConfiguration.MappingJackson2XmlHttpMessageConverterConfiguration:
      Did not match:
         - @ConditionalOnClass did not find required class 'com.fasterxml.jackson.dataformat.xml.XmlMapper' (OnClassCondition)

   JdbcRepositoriesAutoConfiguration:
      Did not match:
         - @ConditionalOnClass did not find required class 'org.springframework.data.jdbc.repository.config.AbstractJdbcConfiguration' (OnClassCondition)

   JedisConnectionConfiguration:
      Did not match:
         - @ConditionalOnMissingBean (types: org.springframework.data.redis.connection.RedisConnectionFactory; SearchStrategy: all) found beans of type 'org.springframework.data.redis.connection.RedisConnectionFactory' redisConnectionFactory (OnBeanCondition)
      Matched:
         - @ConditionalOnClass found required classes 'org.apache.commons.pool2.impl.GenericObjectPool', 'org.springframework.data.redis.connection.jedis.JedisConnection', 'redis.clients.jedis.Jedis' (OnClassCondition)
         - @ConditionalOnProperty (spring.data.redis.client-type=jedis) matched (OnPropertyCondition)

   JerseyAutoConfiguration:
      Did not match:
         - @ConditionalOnClass did not find required class 'org.glassfish.jersey.server.spring.SpringComponentProvider' (OnClassCondition)

   JmsAutoConfiguration:
      Did not match:
         - @ConditionalOnClass did not find required class 'jakarta.jms.Message' (OnClassCondition)

   JmxAutoConfiguration:
      Did not match:
         - @ConditionalOnProperty (spring.jmx.enabled=true) did not find property 'enabled' (OnPropertyCondition)
      Matched:
         - @ConditionalOnClass found required class 'org.springframework.jmx.export.MBeanExporter' (OnClassCondition)

   JndiConnectionFactoryAutoConfiguration:
      Did not match:
         - @ConditionalOnClass did not find required class 'org.springframework.jms.core.JmsTemplate' (OnClassCondition)

   JndiDataSourceAutoConfiguration:
      Did not match:
         - @ConditionalOnProperty (spring.datasource.jndi-name) did not find property 'jndi-name' (OnPropertyCondition)
      Matched:
         - @ConditionalOnClass found required classes 'javax.sql.DataSource', 'org.springframework.jdbc.datasource.embedded.EmbeddedDatabaseType' (OnClassCondition)

   JndiJtaConfiguration:
      Did not match:
         - @ConditionalOnJndi JNDI environment is not available (OnJndiCondition)
      Matched:
         - @ConditionalOnClass found required class 'org.springframework.transaction.jta.JtaTransactionManager' (OnClassCondition)

   JooqAutoConfiguration:
      Did not match:
         - @ConditionalOnClass did not find required class 'org.jooq.DSLContext' (OnClassCondition)

   JpaRepositoriesAutoConfiguration#entityManagerFactoryBootstrapExecutorCustomizer:
      Did not match:
         - AnyNestedCondition 0 matched 2 did not; NestedCondition on JpaRepositoriesAutoConfiguration.BootstrapExecutorCondition.LazyBootstrapMode @ConditionalOnProperty (spring.data.jpa.repositories.bootstrap-mode=lazy) did not find property 'bootstrap-mode'; NestedCondition on JpaRepositoriesAutoConfiguration.BootstrapExecutorCondition.DeferredBootstrapMode @ConditionalOnProperty (spring.data.jpa.repositories.bootstrap-mode=deferred) did not find property 'bootstrap-mode' (JpaRepositoriesAutoConfiguration.BootstrapExecutorCondition)

   JsonbAutoConfiguration:
      Did not match:
         - @ConditionalOnClass did not find required class 'jakarta.json.bind.Jsonb' (OnClassCondition)

   JsonbHttpMessageConvertersConfiguration:
      Did not match:
         - @ConditionalOnClass did not find required class 'jakarta.json.bind.Jsonb' (OnClassCondition)

   KafkaAutoConfiguration:
      Did not match:
         - @ConditionalOnClass did not find required class 'org.springframework.kafka.core.KafkaTemplate' (OnClassCondition)

   LdapAutoConfiguration:
      Did not match:
         - @ConditionalOnClass did not find required class 'org.springframework.ldap.core.ContextSource' (OnClassCondition)

   LdapRepositoriesAutoConfiguration:
      Did not match:
         - @ConditionalOnClass did not find required class 'org.springframework.data.ldap.repository.LdapRepository' (OnClassCondition)

   LettuceConnectionConfiguration:
      Did not match:
         - @ConditionalOnClass did not find required class 'io.lettuce.core.RedisClient' (OnClassCondition)

   LiquibaseAutoConfiguration:
      Did not match:
         - @ConditionalOnClass did not find required class 'liquibase.change.DatabaseChange' (OnClassCondition)

   MailSenderJndiConfiguration:
      Did not match:
         - @ConditionalOnProperty (spring.mail.jndi-name) did not find property 'jndi-name' (OnPropertyCondition)
      Matched:
         - @ConditionalOnClass found required class 'jakarta.mail.Session' (OnClassCondition)

   MailSenderValidatorAutoConfiguration:
      Did not match:
         - @ConditionalOnProperty (spring.mail.test-connection) did not find property 'test-connection' (OnPropertyCondition)

   MessageSourceAutoConfiguration:
      Did not match:
         - ResourceBundle did not find bundle with basename messages (MessageSourceAutoConfiguration.ResourceBundleCondition)

   MongoAutoConfiguration:
      Did not match:
         - @ConditionalOnClass did not find required class 'com.mongodb.client.MongoClient' (OnClassCondition)

   MongoDataAutoConfiguration:
      Did not match:
         - @ConditionalOnClass did not find required class 'com.mongodb.client.MongoClient' (OnClassCondition)

   MongoReactiveAutoConfiguration:
      Did not match:
         - @ConditionalOnClass did not find required class 'com.mongodb.reactivestreams.client.MongoClient' (OnClassCondition)

   MongoReactiveDataAutoConfiguration:
      Did not match:
         - @ConditionalOnClass did not find required class 'com.mongodb.reactivestreams.client.MongoClient' (OnClassCondition)

   MongoReactiveRepositoriesAutoConfiguration:
      Did not match:
         - @ConditionalOnClass did not find required class 'com.mongodb.reactivestreams.client.MongoClient' (OnClassCondition)

   MongoRepositoriesAutoConfiguration:
      Did not match:
         - @ConditionalOnClass did not find required class 'com.mongodb.client.MongoClient' (OnClassCondition)

   MultipleOpenApiSupportConfiguration:
      Did not match:
         - AnyNestedCondition 0 matched 2 did not; NestedCondition on MultipleOpenApiSupportCondition.OnActuatorDifferentPort @ConditionalOnProperty (springdoc.show-actuator) did not find property 'springdoc.show-actuator'; NestedCondition on MultipleOpenApiSupportCondition.OnMultipleOpenApiSupportCondition AnyNestedCondition 0 matched 2 did not; NestedCondition on MultipleOpenApiGroupsCondition.OnGroupConfigProperty @ConditionalOnProperty (springdoc.group-configs[0].group) did not find property 'springdoc.group-configs[0].group'; NestedCondition on MultipleOpenApiGroupsCondition.OnGroupedOpenApiBean @ConditionalOnBean (types: org.springdoc.core.models.GroupedOpenApi; SearchStrategy: all) did not find any beans of type org.springdoc.core.models.GroupedOpenApi (MultipleOpenApiSupportCondition)
      Matched:
         - found 'session' scope (OnWebApplicationCondition)
         - @ConditionalOnProperty (springdoc.api-docs.enabled) matched (OnPropertyCondition)

   MultipleOpenApiSupportConfiguration.SpringDocWebMvcActuatorDifferentConfiguration:
      Did not match:
         - @ConditionalOnClass did not find required class 'org.springframework.boot.actuate.endpoint.web.servlet.WebMvcEndpointHandlerMapping' (OnClassCondition)
         - Ancestor org.springdoc.webmvc.core.configuration.MultipleOpenApiSupportConfiguration did not match (ConditionEvaluationReport.AncestorsMatchedCondition)

   MustacheAutoConfiguration:
      Did not match:
         - @ConditionalOnClass did not find required class 'com.samskivert.mustache.Mustache' (OnClassCondition)

   Neo4jAutoConfiguration:
      Did not match:
         - @ConditionalOnClass did not find required class 'org.neo4j.driver.Driver' (OnClassCondition)

   Neo4jDataAutoConfiguration:
      Did not match:
         - @ConditionalOnClass did not find required class 'org.neo4j.driver.Driver' (OnClassCondition)

   Neo4jReactiveDataAutoConfiguration:
      Did not match:
         - @ConditionalOnClass did not find required class 'org.neo4j.driver.Driver' (OnClassCondition)

   Neo4jReactiveRepositoriesAutoConfiguration:
      Did not match:
         - @ConditionalOnClass did not find required class 'org.neo4j.driver.Driver' (OnClassCondition)

   Neo4jRepositoriesAutoConfiguration:
      Did not match:
         - @ConditionalOnClass did not find required class 'org.neo4j.driver.Driver' (OnClassCondition)

   NettyAutoConfiguration:
      Did not match:
         - @ConditionalOnClass did not find required class 'io.netty.util.NettyRuntime' (OnClassCondition)

   OAuth2AuthorizationServerAutoConfiguration:
      Did not match:
         - @ConditionalOnClass did not find required class 'org.springframework.security.oauth2.server.authorization.OAuth2Authorization' (OnClassCondition)

   OAuth2AuthorizationServerJwtAutoConfiguration:
      Did not match:
         - @ConditionalOnClass did not find required class 'org.springframework.security.oauth2.server.authorization.OAuth2Authorization' (OnClassCondition)

   OAuth2ClientAutoConfiguration:
      Did not match:
         - @ConditionalOnClass did not find required class 'org.springframework.security.oauth2.client.registration.ClientRegistration' (OnClassCondition)

   OAuth2ResourceServerJwtConfiguration.JwtDecoderConfiguration:
      Did not match:
         - @ConditionalOnMissingBean (types: org.springframework.security.oauth2.jwt.JwtDecoder; SearchStrategy: all) found beans of type 'org.springframework.security.oauth2.jwt.JwtDecoder' jwtDecoderConfiguration (OnBeanCondition)

   OAuth2ResourceServerJwtConfiguration.OAuth2SecurityFilterChainConfiguration:
      Did not match:
         - AllNestedConditions 1 matched 1 did not; NestedCondition on DefaultWebSecurityCondition.Beans @ConditionalOnMissingBean (types: org.springframework.security.web.SecurityFilterChain; SearchStrategy: all) found beans of type 'org.springframework.security.web.SecurityFilterChain' filterChain; NestedCondition on DefaultWebSecurityCondition.Classes @ConditionalOnClass found required classes 'org.springframework.security.web.SecurityFilterChain', 'org.springframework.security.config.annotation.web.builders.HttpSecurity' (DefaultWebSecurityCondition)

   OAuth2ResourceServerOpaqueTokenConfiguration.OAuth2SecurityFilterChainConfiguration:
      Did not match:
         - AllNestedConditions 1 matched 1 did not; NestedCondition on DefaultWebSecurityCondition.Beans @ConditionalOnMissingBean (types: org.springframework.security.web.SecurityFilterChain; SearchStrategy: all) found beans of type 'org.springframework.security.web.SecurityFilterChain' filterChain; NestedCondition on DefaultWebSecurityCondition.Classes @ConditionalOnClass found required classes 'org.springframework.security.web.SecurityFilterChain', 'org.springframework.security.config.annotation.web.builders.HttpSecurity' (DefaultWebSecurityCondition)

   OAuth2ResourceServerOpaqueTokenConfiguration.OpaqueTokenIntrospectionClientConfiguration#opaqueTokenIntrospector:
      Did not match:
         - @ConditionalOnProperty (spring.security.oauth2.resourceserver.opaquetoken.introspection-uri) did not find property 'spring.security.oauth2.resourceserver.opaquetoken.introspection-uri' (OnPropertyCondition)

   ProjectInfoAutoConfiguration#buildProperties:
      Did not match:
         - @ConditionalOnResource did not find resource '${spring.info.build.location:classpath:META-INF/build-info.properties}' (OnResourceCondition)

   ProjectInfoAutoConfiguration#gitProperties:
      Did not match:
         - GitResource did not find git info at classpath:git.properties (ProjectInfoAutoConfiguration.GitResourceAvailableCondition)

   PulsarAutoConfiguration:
      Did not match:
         - @ConditionalOnClass did not find required class 'org.apache.pulsar.client.api.PulsarClient' (OnClassCondition)

   PulsarReactiveAutoConfiguration:
      Did not match:
         - @ConditionalOnClass did not find required class 'org.apache.pulsar.client.api.PulsarClient' (OnClassCondition)

   QuartzAutoConfiguration:
      Did not match:
         - @ConditionalOnClass did not find required class 'org.quartz.Scheduler' (OnClassCondition)

   R2dbcAutoConfiguration:
      Did not match:
         - @ConditionalOnClass did not find required class 'io.r2dbc.spi.ConnectionFactory' (OnClassCondition)

   R2dbcDataAutoConfiguration:
      Did not match:
         - @ConditionalOnClass did not find required class 'org.springframework.data.r2dbc.core.R2dbcEntityTemplate' (OnClassCondition)

   R2dbcInitializationConfiguration:
      Did not match:
         - @ConditionalOnClass did not find required classes 'io.r2dbc.spi.ConnectionFactory', 'org.springframework.r2dbc.connection.init.DatabasePopulator' (OnClassCondition)

   R2dbcRepositoriesAutoConfiguration:
      Did not match:
         - @ConditionalOnClass did not find required class 'io.r2dbc.spi.ConnectionFactory' (OnClassCondition)

   R2dbcTransactionManagerAutoConfiguration:
      Did not match:
         - @ConditionalOnClass did not find required class 'org.springframework.r2dbc.connection.R2dbcTransactionManager' (OnClassCondition)

   RSocketGraphQlClientAutoConfiguration:
      Did not match:
         - @ConditionalOnClass did not find required class 'graphql.GraphQL' (OnClassCondition)

   RSocketMessagingAutoConfiguration:
      Did not match:
         - @ConditionalOnClass did not find required class 'io.rsocket.RSocket' (OnClassCondition)

   RSocketRequesterAutoConfiguration:
      Did not match:
         - @ConditionalOnClass did not find required class 'io.rsocket.RSocket' (OnClassCondition)

   RSocketSecurityAutoConfiguration:
      Did not match:
         - @ConditionalOnClass did not find required class 'org.springframework.security.rsocket.core.SecuritySocketAcceptorInterceptor' (OnClassCondition)

   RSocketServerAutoConfiguration:
      Did not match:
         - @ConditionalOnClass did not find required class 'io.rsocket.core.RSocketServer' (OnClassCondition)

   RSocketStrategiesAutoConfiguration:
      Did not match:
         - @ConditionalOnClass did not find required class 'io.netty.buffer.PooledByteBufAllocator' (OnClassCondition)

   RabbitAutoConfiguration:
      Did not match:
         - @ConditionalOnClass did not find required class 'com.rabbitmq.client.Channel' (OnClassCondition)

   ReactiveElasticsearchClientAutoConfiguration:
      Did not match:
         - @ConditionalOnClass did not find required class 'co.elastic.clients.transport.ElasticsearchTransport' (OnClassCondition)

   ReactiveElasticsearchRepositoriesAutoConfiguration:
      Did not match:
         - @ConditionalOnClass did not find required class 'org.springframework.data.elasticsearch.client.elc.ReactiveElasticsearchClient' (OnClassCondition)

   ReactiveMultipartAutoConfiguration:
      Did not match:
         - @ConditionalOnClass did not find required class 'org.springframework.web.reactive.config.WebFluxConfigurer' (OnClassCondition)

   ReactiveOAuth2ClientAutoConfiguration:
      Did not match:
         - @ConditionalOnClass did not find required class 'reactor.core.publisher.Flux' (OnClassCondition)

   ReactiveOAuth2ResourceServerAutoConfiguration:
      Did not match:
         - @ConditionalOnWebApplication did not find reactive web application classes (OnWebApplicationCondition)

   ReactiveSecurityAutoConfiguration:
      Did not match:
         - @ConditionalOnClass did not find required class 'reactor.core.publisher.Flux' (OnClassCondition)

   ReactiveUserDetailsServiceAutoConfiguration:
      Did not match:
         - AnyNestedCondition 0 matched 3 did not; NestedCondition on ReactiveUserDetailsServiceAutoConfiguration.MissingAlternativeOrUserPropertiesConfigured.PasswordConfigured @ConditionalOnProperty (spring.security.user.password) did not find property 'password'; NestedCondition on ReactiveUserDetailsServiceAutoConfiguration.MissingAlternativeOrUserPropertiesConfigured.NameConfigured @ConditionalOnProperty (spring.security.user.name) did not find property 'name'; NestedCondition on ReactiveUserDetailsServiceAutoConfiguration.MissingAlternativeOrUserPropertiesConfigured.MissingAlternative @ConditionalOnMissingClass found unwanted class 'org.springframework.security.oauth2.server.resource.introspection.ReactiveOpaqueTokenIntrospector' (ReactiveUserDetailsServiceAutoConfiguration.MissingAlternativeOrUserPropertiesConfigured)
      Matched:
         - @ConditionalOnClass found required class 'org.springframework.security.authentication.ReactiveAuthenticationManager' (OnClassCondition)

   ReactiveWebServerFactoryAutoConfiguration:
      Did not match:
         - @ConditionalOnWebApplication did not find reactive web application classes (OnWebApplicationCondition)

   ReactorAutoConfiguration:
      Did not match:
         - @ConditionalOnClass did not find required class 'reactor.core.publisher.Hooks' (OnClassCondition)

   RedisReactiveAutoConfiguration:
      Did not match:
         - @ConditionalOnClass did not find required class 'reactor.core.publisher.Flux' (OnClassCondition)

   RepositoryRestMvcAutoConfiguration:
      Did not match:
         - @ConditionalOnClass did not find required class 'org.springframework.data.rest.webmvc.config.RepositoryRestMvcConfiguration' (OnClassCondition)

   Saml2RelyingPartyAutoConfiguration:
      Did not match:
         - @ConditionalOnClass did not find required class 'org.springframework.security.saml2.provider.service.registration.RelyingPartyRegistrationRepository' (OnClassCondition)

   SecurityDataConfiguration:
      Did not match:
         - @ConditionalOnClass did not find required class 'org.springframework.security.data.repository.query.SecurityEvaluationContextExtension' (OnClassCondition)

   SendGridAutoConfiguration:
      Did not match:
         - @ConditionalOnClass did not find required class 'com.sendgrid.SendGrid' (OnClassCondition)

   ServletWebServerFactoryAutoConfiguration.ForwardedHeaderFilterConfiguration:
      Did not match:
         - @ConditionalOnProperty (server.forward-headers-strategy=framework) did not find property 'server.forward-headers-strategy' (OnPropertyCondition)

   ServletWebServerFactoryConfiguration.EmbeddedJetty:
      Did not match:
         - @ConditionalOnClass did not find required classes 'org.eclipse.jetty.server.Server', 'org.eclipse.jetty.util.Loader', 'org.eclipse.jetty.ee10.webapp.WebAppContext' (OnClassCondition)

   ServletWebServerFactoryConfiguration.EmbeddedUndertow:
      Did not match:
         - @ConditionalOnClass did not find required classes 'io.undertow.Undertow', 'org.xnio.SslClientAuthMode' (OnClassCondition)

   SessionAutoConfiguration:
      Did not match:
         - @ConditionalOnClass did not find required class 'org.springframework.session.Session' (OnClassCondition)

   SpringApplicationAdminJmxAutoConfiguration:
      Did not match:
         - @ConditionalOnProperty (spring.application.admin.enabled=true) did not find property 'enabled' (OnPropertyCondition)

   SpringBootWebSecurityConfiguration.SecurityFilterChainConfiguration:
      Did not match:
         - AllNestedConditions 1 matched 1 did not; NestedCondition on DefaultWebSecurityCondition.Beans @ConditionalOnMissingBean (types: org.springframework.security.web.SecurityFilterChain; SearchStrategy: all) found beans of type 'org.springframework.security.web.SecurityFilterChain' filterChain; NestedCondition on DefaultWebSecurityCondition.Classes @ConditionalOnClass found required classes 'org.springframework.security.web.SecurityFilterChain', 'org.springframework.security.config.annotation.web.builders.HttpSecurity' (DefaultWebSecurityCondition)

   SpringBootWebSecurityConfiguration.WebSecurityEnablerConfiguration:
      Did not match:
         - @ConditionalOnMissingBean (names: springSecurityFilterChain; SearchStrategy: all) found beans named springSecurityFilterChain (OnBeanCondition)
      Matched:
         - @ConditionalOnClass found required class 'org.springframework.security.config.annotation.web.configuration.EnableWebSecurity' (OnClassCondition)

   SpringDocConfiguration#propertiesResolverForSchema:
      Did not match:
         - @ConditionalOnProperty (springdoc.api-docs.resolve-schema-properties) did not find property 'springdoc.api-docs.resolve-schema-properties' (OnPropertyCondition)

   SpringDocConfiguration#propertyCustomizingConverter:
      Did not match:
         - @ConditionalOnBean (types: org.springdoc.core.customizers.PropertyCustomizer; SearchStrategy: all) did not find any beans of type org.springdoc.core.customizers.PropertyCustomizer (OnBeanCondition)

   SpringDocConfiguration#springdocBeanFactoryPostProcessor:
      Did not match:
         - AnyNestedCondition 0 matched 2 did not; NestedCondition on CacheOrGroupedOpenApiCondition.OnCacheDisabled found non-matching nested conditions @ConditionalOnProperty (springdoc.cache.disabled) did not find property 'springdoc.cache.disabled'; NestedCondition on CacheOrGroupedOpenApiCondition.OnMultipleOpenApiSupportCondition AnyNestedCondition 0 matched 2 did not; NestedCondition on MultipleOpenApiSupportCondition.OnActuatorDifferentPort @ConditionalOnProperty (springdoc.show-actuator) did not find property 'springdoc.show-actuator'; NestedCondition on MultipleOpenApiSupportCondition.OnMultipleOpenApiSupportCondition AnyNestedCondition 0 matched 2 did not; NestedCondition on MultipleOpenApiGroupsCondition.OnGroupConfigProperty @ConditionalOnProperty (springdoc.group-configs[0].group) did not find property 'springdoc.group-configs[0].group'; NestedCondition on MultipleOpenApiGroupsCondition.OnGroupedOpenApiBean @ConditionalOnBean (types: org.springdoc.core.models.GroupedOpenApi; SearchStrategy: all) did not find any beans of type org.springdoc.core.models.GroupedOpenApi (CacheOrGroupedOpenApiCondition)
      Matched:
         - @ConditionalOnClass found required class 'org.springframework.boot.context.properties.bind.BindResult' (OnClassCondition)

   SpringDocConfiguration#springdocBeanFactoryPostProcessor2:
      Did not match:
         - @ConditionalOnMissingClass found unwanted class 'org.springframework.boot.context.properties.bind.BindResult' (OnClassCondition)

   SpringDocConfiguration.SpringDocActuatorConfiguration:
      Did not match:
         - @ConditionalOnClass did not find required class 'org.springframework.boot.actuate.autoconfigure.endpoint.web.WebEndpointProperties' (OnClassCondition)

   SpringDocConfiguration.SpringDocRepositoryRestConfiguration:
      Did not match:
         - @ConditionalOnClass did not find required class 'org.springframework.data.rest.core.config.RepositoryRestConfiguration' (OnClassCondition)

   SpringDocConfiguration.SpringDocWebFluxSupportConfiguration:
      Did not match:
         - @ConditionalOnClass did not find required class 'reactor.core.publisher.Flux' (OnClassCondition)

   SpringDocDataRestConfiguration:
      Did not match:
         - @ConditionalOnClass did not find required class 'org.springframework.data.rest.core.config.RepositoryRestConfiguration' (OnClassCondition)

   SpringDocFunctionCatalogConfiguration:
      Did not match:
         - @ConditionalOnClass did not find required class 'org.springframework.cloud.function.web.function.FunctionEndpointInitializer' (OnClassCondition)

   SpringDocGroovyConfiguration:
      Did not match:
         - @ConditionalOnClass did not find required class 'groovy.lang.MetaClass' (OnClassCondition)

   SpringDocHateoasConfiguration:
      Did not match:
         - @ConditionalOnClass did not find required class 'org.springframework.hateoas.server.LinkRelationProvider' (OnClassCondition)

   SpringDocJacksonKotlinModuleConfiguration:
      Did not match:
         - @ConditionalOnClass did not find required class 'com.fasterxml.jackson.module.kotlin.KotlinModule' (OnClassCondition)

   SpringDocJavadocConfiguration:
      Did not match:
         - @ConditionalOnClass did not find required class 'com.github.therapi.runtimejavadoc.CommentFormatter' (OnClassCondition)

   SpringDocKotlinConfiguration:
      Did not match:
         - @ConditionalOnClass did not find required class 'kotlin.coroutines.Continuation' (OnClassCondition)

   SpringDocKotlinxConfiguration:
      Did not match:
         - @ConditionalOnClass did not find required class 'kotlinx.coroutines.flow.Flow' (OnClassCondition)

   SpringDocSecurityConfiguration.SpringDocSecurityOAuth2Configuration:
      Did not match:
         - @ConditionalOnClass did not find required class 'org.springframework.security.oauth2.server.authorization.OAuth2AuthorizationService' (OnClassCondition)

   SpringDocSecurityConfiguration.SpringSecurityLoginEndpointConfiguration#springSecurityLoginEndpointCustomiser:
      Did not match:
         - @ConditionalOnProperty (springdoc.show-login-endpoint) did not find property 'springdoc.show-login-endpoint' (OnPropertyCondition)

   SpringDocSortConfiguration#delegatingMethodParameterCustomizer:
      Did not match:
         - @ConditionalOnMissingBean (types: org.springdoc.core.customizers.DelegatingMethodParameterCustomizer; SearchStrategy: all) found beans of type 'org.springdoc.core.customizers.DelegatingMethodParameterCustomizer' delegatingMethodParameterCustomizer (OnBeanCondition)

   SpringDocWebMvcConfiguration.SpringDocWebMvcActuatorConfiguration:
      Did not match:
         - @ConditionalOnClass did not find required class 'org.springframework.boot.actuate.endpoint.web.servlet.WebMvcEndpointHandlerMapping' (OnClassCondition)

   SwaggerConfig#springWebProvider:
      Did not match:
         - @ConditionalOnMissingBean (types: org.springdoc.core.providers.SpringWebProvider; SearchStrategy: all) found beans of type 'org.springdoc.core.providers.SpringWebProvider' springWebProvider (OnBeanCondition)

   SwaggerConfig#swaggerUiConfigParameters:
      Did not match:
         - @ConditionalOnMissingBean (types: org.springdoc.core.properties.SwaggerUiConfigParameters; SearchStrategy: all) found beans of type 'org.springdoc.core.properties.SwaggerUiConfigParameters' org.springdoc.core.properties.SwaggerUiConfigParameters (OnBeanCondition)

   SwaggerConfig#swaggerUiHome:
      Did not match:
         - @ConditionalOnProperty (springdoc.swagger-ui.use-root-path=true) did not find property 'springdoc.swagger-ui.use-root-path' (OnPropertyCondition)

   SwaggerConfig.SwaggerActuatorWelcomeConfiguration:
      Did not match:
         - @ConditionalOnClass did not find required class 'org.springframework.boot.actuate.endpoint.web.servlet.WebMvcEndpointHandlerMapping' (OnClassCondition)

   TaskExecutorConfigurations.SimpleAsyncTaskExecutorBuilderConfiguration#simpleAsyncTaskExecutorBuilderVirtualThreads:
      Did not match:
         - @ConditionalOnMissingBean (types: org.springframework.boot.task.SimpleAsyncTaskExecutorBuilder; SearchStrategy: all) found beans of type 'org.springframework.boot.task.SimpleAsyncTaskExecutorBuilder' simpleAsyncTaskExecutorBuilder (OnBeanCondition)

   TaskExecutorConfigurations.TaskExecutorConfiguration#applicationTaskExecutorVirtualThreads:
      Did not match:
         - @ConditionalOnThreading did not find VIRTUAL (OnThreadingCondition)

   TaskSchedulingAutoConfiguration#scheduledBeanLazyInitializationExcludeFilter:
      Did not match:
         - @ConditionalOnBean (names: org.springframework.context.annotation.internalScheduledAnnotationProcessor; SearchStrategy: all) did not find any beans named org.springframework.context.annotation.internalScheduledAnnotationProcessor (OnBeanCondition)

   TaskSchedulingConfigurations.SimpleAsyncTaskSchedulerBuilderConfiguration#simpleAsyncTaskSchedulerBuilderVirtualThreads:
      Did not match:
         - @ConditionalOnMissingBean (types: org.springframework.boot.task.SimpleAsyncTaskSchedulerBuilder; SearchStrategy: all) found beans of type 'org.springframework.boot.task.SimpleAsyncTaskSchedulerBuilder' simpleAsyncTaskSchedulerBuilder (OnBeanCondition)

   TaskSchedulingConfigurations.TaskSchedulerConfiguration:
      Did not match:
         - @ConditionalOnBean (names: org.springframework.context.annotation.internalScheduledAnnotationProcessor; SearchStrategy: all) did not find any beans named org.springframework.context.annotation.internalScheduledAnnotationProcessor (OnBeanCondition)

   ThymeleafAutoConfiguration:
      Did not match:
         - @ConditionalOnClass did not find required class 'org.thymeleaf.spring6.SpringTemplateEngine' (OnClassCondition)

   TransactionAutoConfiguration#transactionalOperator:
      Did not match:
         - @ConditionalOnSingleCandidate (types: org.springframework.transaction.ReactiveTransactionManager; SearchStrategy: all) did not find any beans (OnBeanCondition)

   TransactionAutoConfiguration.AspectJTransactionManagementConfiguration:
      Did not match:
         - @ConditionalOnBean (types: org.springframework.transaction.aspectj.AbstractTransactionAspect; SearchStrategy: all) did not find any beans of type org.springframework.transaction.aspectj.AbstractTransactionAspect (OnBeanCondition)

   TransactionAutoConfiguration.EnableTransactionManagementConfiguration.JdkDynamicAutoProxyConfiguration:
      Did not match:
         - @ConditionalOnProperty (spring.aop.proxy-target-class=false) did not find property 'proxy-target-class' (OnPropertyCondition)

   UserDetailsServiceAutoConfiguration:
      Did not match:
         - AnyNestedCondition 0 matched 3 did not; NestedCondition on UserDetailsServiceAutoConfiguration.MissingAlternativeOrUserPropertiesConfigured.PasswordConfigured @ConditionalOnProperty (spring.security.user.password) did not find property 'password'; NestedCondition on UserDetailsServiceAutoConfiguration.MissingAlternativeOrUserPropertiesConfigured.NameConfigured @ConditionalOnProperty (spring.security.user.name) did not find property 'name'; NestedCondition on UserDetailsServiceAutoConfiguration.MissingAlternativeOrUserPropertiesConfigured.MissingAlternative @ConditionalOnMissingClass found unwanted class 'org.springframework.security.oauth2.server.resource.introspection.OpaqueTokenIntrospector' (UserDetailsServiceAutoConfiguration.MissingAlternativeOrUserPropertiesConfigured)
      Matched:
         - @ConditionalOnClass found required class 'org.springframework.security.authentication.AuthenticationManager' (OnClassCondition)

   WebClientAutoConfiguration:
      Did not match:
         - @ConditionalOnClass did not find required class 'org.springframework.web.reactive.function.client.WebClient' (OnClassCondition)

   WebFluxAutoConfiguration:
      Did not match:
         - @ConditionalOnClass did not find required class 'org.springframework.web.reactive.config.WebFluxConfigurer' (OnClassCondition)

   WebMvcAutoConfiguration#hiddenHttpMethodFilter:
      Did not match:
         - @ConditionalOnProperty (spring.mvc.hiddenmethod.filter.enabled) did not find property 'enabled' (OnPropertyCondition)

   WebMvcAutoConfiguration.ProblemDetailsErrorHandlingConfiguration:
      Did not match:
         - @ConditionalOnProperty (spring.mvc.problemdetails.enabled=true) did not find property 'enabled' (OnPropertyCondition)

   WebMvcAutoConfiguration.ResourceChainCustomizerConfiguration:
      Did not match:
         - @ConditionalOnEnabledResourceChain did not find class org.webjars.WebJarAssetLocator (OnEnabledResourceChainCondition)

   WebMvcAutoConfiguration.WebMvcAutoConfigurationAdapter#beanNameViewResolver:
      Did not match:
         - @ConditionalOnMissingBean (types: org.springframework.web.servlet.view.BeanNameViewResolver; SearchStrategy: all) found beans of type 'org.springframework.web.servlet.view.BeanNameViewResolver' beanNameViewResolver (OnBeanCondition)

   WebServiceTemplateAutoConfiguration:
      Did not match:
         - @ConditionalOnClass did not find required class 'org.springframework.ws.client.core.WebServiceTemplate' (OnClassCondition)

   WebServicesAutoConfiguration:
      Did not match:
         - @ConditionalOnClass did not find required class 'org.springframework.ws.transport.http.MessageDispatcherServlet' (OnClassCondition)

   WebSessionIdResolverAutoConfiguration:
      Did not match:
         - @ConditionalOnClass did not find required class 'reactor.core.publisher.Mono' (OnClassCondition)

   WebSocketMessagingAutoConfiguration:
      Did not match:
         - @ConditionalOnClass did not find required class 'org.springframework.web.socket.config.annotation.WebSocketMessageBrokerConfigurer' (OnClassCondition)

   WebSocketReactiveAutoConfiguration:
      Did not match:
         - @ConditionalOnWebApplication did not find reactive web application classes (OnWebApplicationCondition)

   WebSocketServletAutoConfiguration.JettyWebSocketConfiguration:
      Did not match:
         - @ConditionalOnClass did not find required class 'org.eclipse.jetty.ee10.websocket.jakarta.server.config.JakartaWebSocketServletContainerInitializer' (OnClassCondition)

   WebSocketServletAutoConfiguration.UndertowWebSocketConfiguration:
      Did not match:
         - @ConditionalOnClass did not find required class 'io.undertow.websockets.jsr.Bootstrap' (OnClassCondition)

   XADataSourceAutoConfiguration:
      Did not match:
         - @ConditionalOnBean (types: org.springframework.boot.jdbc.XADataSourceWrapper; SearchStrategy: all) did not find any beans of type org.springframework.boot.jdbc.XADataSourceWrapper (OnBeanCondition)
      Matched:
         - @ConditionalOnClass found required classes 'javax.sql.DataSource', 'jakarta.transaction.TransactionManager', 'org.springframework.jdbc.datasource.embedded.EmbeddedDatabaseType' (OnClassCondition)


Exclusions:
-----------

    None


Unconditional classes:
----------------------

    org.springframework.boot.autoconfigure.context.ConfigurationPropertiesAutoConfiguration

    org.springframework.boot.autoconfigure.ssl.SslAutoConfiguration

    org.springframework.boot.autoconfigure.context.PropertyPlaceholderAutoConfiguration

    org.springframework.boot.autoconfigure.context.LifecycleAutoConfiguration

    org.springdoc.core.configuration.SpringDocSpecPropertiesConfiguration

    org.springframework.boot.autoconfigure.availability.ApplicationAvailabilityAutoConfiguration

    org.springframework.boot.autoconfigure.info.ProjectInfoAutoConfiguration



2026-06-15T23:40:12.659+07:00  INFO 24632 --- [SportSwearShopSystem] [           main] c.t.e.EcommercesystemApplication         : Started EcommercesystemApplication in 16.11 seconds (process running for 17.092)
2026-06-15T23:40:12.660+07:00 DEBUG 24632 --- [SportSwearShopSystem] [           main] o.s.b.a.ApplicationAvailabilityBean      : Application availability state LivenessState changed to CORRECT
2026-06-15T23:40:12.791+07:00 DEBUG 24632 --- [SportSwearShopSystem] [           main] org.hibernate.SQL                        : 
    select
        r1_0.role_id,
        r1_0.role_code,
        r1_0.role_description,
        r1_0.role_name 
    from
        roles r1_0 
    where
        r1_0.role_code=?
Hibernate: 
    select
        r1_0.role_id,
        r1_0.role_code,
        r1_0.role_description,
        r1_0.role_name 
    from
        roles r1_0 
    where
        r1_0.role_code=?
2026-06-15T23:40:12.831+07:00 DEBUG 24632 --- [SportSwearShopSystem] [           main] org.hibernate.SQL                        : 
    insert 
    into
        roles
        (role_code, role_description, role_name) 
    values
        (?, ?, ?)
Hibernate: 
    insert 
    into
        roles
        (role_code, role_description, role_name) 
    values
        (?, ?, ?)
2026-06-15T23:40:12.858+07:00 DEBUG 24632 --- [SportSwearShopSystem] [           main] org.hibernate.SQL                        : 
    select
        r1_0.role_id,
        r1_0.role_code,
        r1_0.role_description,
        r1_0.role_name 
    from
        roles r1_0 
    where
        r1_0.role_code=?
Hibernate: 
    select
        r1_0.role_id,
        r1_0.role_code,
        r1_0.role_description,
        r1_0.role_name 
    from
        roles r1_0 
    where
        r1_0.role_code=?
2026-06-15T23:40:12.861+07:00 DEBUG 24632 --- [SportSwearShopSystem] [           main] org.hibernate.SQL                        : 
    insert 
    into
        roles
        (role_code, role_description, role_name) 
    values
        (?, ?, ?)
Hibernate: 
    insert 
    into
        roles
        (role_code, role_description, role_name) 
    values
        (?, ?, ?)
2026-06-15T23:40:12.864+07:00 DEBUG 24632 --- [SportSwearShopSystem] [           main] org.hibernate.SQL                        : 
    select
        r1_0.role_id,
        r1_0.role_code,
        r1_0.role_description,
        r1_0.role_name 
    from
        roles r1_0 
    where
        r1_0.role_code=?
Hibernate: 
    select
        r1_0.role_id,
        r1_0.role_code,
        r1_0.role_description,
        r1_0.role_name 
    from
        roles r1_0 
    where
        r1_0.role_code=?
2026-06-15T23:40:12.866+07:00 DEBUG 24632 --- [SportSwearShopSystem] [           main] org.hibernate.SQL                        : 
    insert 
    into
        roles
        (role_code, role_description, role_name) 
    values
        (?, ?, ?)
Hibernate: 
    insert 
    into
        roles
        (role_code, role_description, role_name) 
    values
        (?, ?, ?)
2026-06-15T23:40:12.869+07:00 DEBUG 24632 --- [SportSwearShopSystem] [           main] org.hibernate.SQL                        : 
    select
        r1_0.role_id,
        r1_0.role_code,
        r1_0.role_description,
        r1_0.role_name 
    from
        roles r1_0 
    where
        r1_0.role_code=?
Hibernate: 
    select
        r1_0.role_id,
        r1_0.role_code,
        r1_0.role_description,
        r1_0.role_name 
    from
        roles r1_0 
    where
        r1_0.role_code=?
2026-06-15T23:40:12.872+07:00 DEBUG 24632 --- [SportSwearShopSystem] [           main] org.hibernate.SQL                        : 
    insert 
    into
        roles
        (role_code, role_description, role_name) 
    values
        (?, ?, ?)
Hibernate: 
    insert 
    into
        roles
        (role_code, role_description, role_name) 
    values
        (?, ?, ?)
2026-06-15T23:40:12.874+07:00 DEBUG 24632 --- [SportSwearShopSystem] [           main] org.hibernate.SQL                        : 
    select
        r1_0.role_id,
        r1_0.role_code,
        r1_0.role_description,
        r1_0.role_name 
    from
        roles r1_0 
    where
        r1_0.role_code=?
Hibernate: 
    select
        r1_0.role_id,
        r1_0.role_code,
        r1_0.role_description,
        r1_0.role_name 
    from
        roles r1_0 
    where
        r1_0.role_code=?
2026-06-15T23:40:12.881+07:00 DEBUG 24632 --- [SportSwearShopSystem] [           main] org.hibernate.SQL                        : 
    select
        u1_0.id,
        u1_0.created_at,
        u1_0.email,
        u1_0.failed_login_attempts,
        u1_0.full_name,
        u1_0.last_login_date,
        u1_0.last_password_change_date,
        u1_0.lock_time,
        u1_0.password,
        u1_0.phone_number,
        u1_0.role_id,
        u1_0.status 
    from
        users u1_0 
    where
        u1_0.email=?
Hibernate: 
    select
        u1_0.id,
        u1_0.created_at,
        u1_0.email,
        u1_0.failed_login_attempts,
        u1_0.full_name,
        u1_0.last_login_date,
        u1_0.last_password_change_date,
        u1_0.lock_time,
        u1_0.password,
        u1_0.phone_number,
        u1_0.role_id,
        u1_0.status 
    from
        users u1_0 
    where
        u1_0.email=?
2026-06-15T23:40:12.914+07:00  INFO 24632 --- [SportSwearShopSystem] [nio-8080-exec-2] o.a.c.c.C.[Tomcat].[localhost].[/]       : Initializing Spring DispatcherServlet 'dispatcherServlet'
2026-06-15T23:40:12.914+07:00  INFO 24632 --- [SportSwearShopSystem] [nio-8080-exec-2] o.s.web.servlet.DispatcherServlet        : Initializing Servlet 'dispatcherServlet'
2026-06-15T23:40:12.916+07:00 DEBUG 24632 --- [SportSwearShopSystem] [nio-8080-exec-2] o.s.web.servlet.DispatcherServlet        : Detected StandardServletMultipartResolver
2026-06-15T23:40:12.916+07:00 DEBUG 24632 --- [SportSwearShopSystem] [nio-8080-exec-2] o.s.web.servlet.DispatcherServlet        : Detected AcceptHeaderLocaleResolver
2026-06-15T23:40:12.916+07:00 DEBUG 24632 --- [SportSwearShopSystem] [nio-8080-exec-2] o.s.web.servlet.DispatcherServlet        : Detected FixedThemeResolver
2026-06-15T23:40:12.919+07:00 DEBUG 24632 --- [SportSwearShopSystem] [nio-8080-exec-2] o.s.web.servlet.DispatcherServlet        : Detected org.springframework.web.servlet.view.DefaultRequestToViewNameTranslator@745b4ed4
2026-06-15T23:40:12.920+07:00 DEBUG 24632 --- [SportSwearShopSystem] [nio-8080-exec-2] o.s.web.servlet.DispatcherServlet        : Detected org.springframework.web.servlet.support.SessionFlashMapManager@4886b6bd
2026-06-15T23:40:12.920+07:00 DEBUG 24632 --- [SportSwearShopSystem] [nio-8080-exec-2] o.s.web.servlet.DispatcherServlet        : enableLoggingRequestDetails='false': request parameters and headers will be masked to prevent unsafe logging of potentially sensitive data
2026-06-15T23:40:12.920+07:00  INFO 24632 --- [SportSwearShopSystem] [nio-8080-exec-2] o.s.web.servlet.DispatcherServlet        : Completed initialization in 4 ms
2026-06-15T23:40:12.982+07:00 DEBUG 24632 --- [SportSwearShopSystem] [nio-8080-exec-2] o.s.web.servlet.DispatcherServlet        : GET "/api/products?page=0&size=1", parameters={masked}
2026-06-15T23:40:12.987+07:00 DEBUG 24632 --- [SportSwearShopSystem] [nio-8080-exec-2] s.w.s.m.m.a.RequestMappingHandlerMapping : Mapped to com.team6.ecommercesystem.controller.PublicProductController#getProducts(Long, Long, Long)
2026-06-15T23:40:13.031+07:00 DEBUG 24632 --- [SportSwearShopSystem] [nio-8080-exec-2] org.hibernate.SQL                        : 
    select
        distinct p1_0.id,
        p1_0.brand_id,
        p1_0.category_id,
        p1_0.description,
        p1_0.product_name,
        p1_0.sport_id,
        v1_0.product_id,
        v1_0.id,
        v1_0.color,
        i1_0.variant_id,
        i1_0.id,
        i1_0.image_url,
        i1_0.is_primary,
        v1_0.price,
        v1_0.size,
        v1_0.sku,
        v1_0.stock_quantity 
    from
        products p1_0 
    left join
        product_variants v1_0 
            on p1_0.id=v1_0.product_id 
    left join
        product_images i1_0 
            on v1_0.id=i1_0.variant_id 
    where
        (
            ? is null 
            or p1_0.category_id=?
        ) 
        and (
            ? is null 
            or p1_0.brand_id=?
        ) 
        and (
            ? is null 
            or p1_0.sport_id=?
        )
Hibernate: 
    select
        distinct p1_0.id,
        p1_0.brand_id,
        p1_0.category_id,
        p1_0.description,
        p1_0.product_name,
        p1_0.sport_id,
        v1_0.product_id,
        v1_0.id,
        v1_0.color,
        i1_0.variant_id,
        i1_0.id,
        i1_0.image_url,
        i1_0.is_primary,
        v1_0.price,
        v1_0.size,
        v1_0.sku,
        v1_0.stock_quantity 
    from
        products p1_0 
    left join
        product_variants v1_0 
            on p1_0.id=v1_0.product_id 
    left join
        product_images i1_0 
            on v1_0.id=i1_0.variant_id 
    where
        (
            ? is null 
            or p1_0.category_id=?
        ) 
        and (
            ? is null 
            or p1_0.brand_id=?
        ) 
        and (
            ? is null 
            or p1_0.sport_id=?
        )
2026-06-15T23:40:13.067+07:00 DEBUG 24632 --- [SportSwearShopSystem] [nio-8080-exec-2] o.s.w.s.m.m.a.HttpEntityMethodProcessor  : Using 'application/json', given [*/*] and supported [application/json, application/*+json]
2026-06-15T23:40:13.069+07:00 DEBUG 24632 --- [SportSwearShopSystem] [nio-8080-exec-2] o.s.w.s.m.m.a.HttpEntityMethodProcessor  : Writing [[]]
2026-06-15T23:40:13.086+07:00 DEBUG 24632 --- [SportSwearShopSystem] [nio-8080-exec-2] o.s.web.servlet.DispatcherServlet        : Completed 200 OK
2026-06-15T23:40:13.612+07:00 DEBUG 24632 --- [SportSwearShopSystem] [           main] org.hibernate.SQL                        : 
    insert 
    into
        users
        (created_at, email, failed_login_attempts, full_name, last_login_date, last_password_change_date, lock_time, password, phone_number, role_id, status) 
    values
        (?, ?, ?, ?, ?, ?, ?, ?, ?, ?, ?)
Hibernate: 
    insert 
    into
        users
        (created_at, email, failed_login_attempts, full_name, last_login_date, last_password_change_date, lock_time, password, phone_number, role_id, status) 
    values
        (?, ?, ?, ?, ?, ?, ?, ?, ?, ?, ?)
2026-06-15T23:40:13.636+07:00 DEBUG 24632 --- [SportSwearShopSystem] [           main] org.hibernate.SQL                        : 
    select
        r1_0.role_id,
        r1_0.role_code,
        r1_0.role_description,
        r1_0.role_name 
    from
        roles r1_0 
    where
        r1_0.role_code=?
Hibernate: 
    select
        r1_0.role_id,
        r1_0.role_code,
        r1_0.role_description,
        r1_0.role_name 
    from
        roles r1_0 
    where
        r1_0.role_code=?
2026-06-15T23:40:13.638+07:00 DEBUG 24632 --- [SportSwearShopSystem] [           main] org.hibernate.SQL                        : 
    select
        u1_0.id,
        u1_0.created_at,
        u1_0.email,
        u1_0.failed_login_attempts,
        u1_0.full_name,
        u1_0.last_login_date,
        u1_0.last_password_change_date,
        u1_0.lock_time,
        u1_0.password,
        u1_0.phone_number,
        u1_0.role_id,
        u1_0.status 
    from
        users u1_0 
    where
        u1_0.email=?
Hibernate: 
    select
        u1_0.id,
        u1_0.created_at,
        u1_0.email,
        u1_0.failed_login_attempts,
        u1_0.full_name,
        u1_0.last_login_date,
        u1_0.last_password_change_date,
        u1_0.lock_time,
        u1_0.password,
        u1_0.phone_number,
        u1_0.role_id,
        u1_0.status 
    from
        users u1_0 
    where
        u1_0.email=?
2026-06-15T23:40:14.378+07:00 DEBUG 24632 --- [SportSwearShopSystem] [           main] org.hibernate.SQL                        : 
    insert 
    into
        users
        (created_at, email, failed_login_attempts, full_name, last_login_date, last_password_change_date, lock_time, password, phone_number, role_id, status) 
    values
        (?, ?, ?, ?, ?, ?, ?, ?, ?, ?, ?)
Hibernate: 
    insert 
    into
        users
        (created_at, email, failed_login_attempts, full_name, last_login_date, last_password_change_date, lock_time, password, phone_number, role_id, status) 
    values
        (?, ?, ?, ?, ?, ?, ?, ?, ?, ?, ?)
2026-06-15T23:40:14.387+07:00 DEBUG 24632 --- [SportSwearShopSystem] [           main] org.hibernate.SQL                        : 
    select
        r1_0.role_id,
        r1_0.role_code,
        r1_0.role_description,
        r1_0.role_name 
    from
        roles r1_0 
    where
        r1_0.role_code=?
Hibernate: 
    select
        r1_0.role_id,
        r1_0.role_code,
        r1_0.role_description,
        r1_0.role_name 
    from
        roles r1_0 
    where
        r1_0.role_code=?
2026-06-15T23:40:14.391+07:00 DEBUG 24632 --- [SportSwearShopSystem] [           main] org.hibernate.SQL                        : 
    select
        u1_0.id,
        u1_0.created_at,
        u1_0.email,
        u1_0.failed_login_attempts,
        u1_0.full_name,
        u1_0.last_login_date,
        u1_0.last_password_change_date,
        u1_0.lock_time,
        u1_0.password,
        u1_0.phone_number,
        u1_0.role_id,
        u1_0.status 
    from
        users u1_0 
    where
        u1_0.email=?
Hibernate: 
    select
        u1_0.id,
        u1_0.created_at,
        u1_0.email,
        u1_0.failed_login_attempts,
        u1_0.full_name,
        u1_0.last_login_date,
        u1_0.last_password_change_date,
        u1_0.lock_time,
        u1_0.password,
        u1_0.phone_number,
        u1_0.role_id,
        u1_0.status 
    from
        users u1_0 
    where
        u1_0.email=?
2026-06-15T23:40:14.933+07:00 DEBUG 24632 --- [SportSwearShopSystem] [           main] org.hibernate.SQL                        : 
    insert 
    into
        users
        (created_at, email, failed_login_attempts, full_name, last_login_date, last_password_change_date, lock_time, password, phone_number, role_id, status) 
    values
        (?, ?, ?, ?, ?, ?, ?, ?, ?, ?, ?)
Hibernate: 
    insert 
    into
        users
        (created_at, email, failed_login_attempts, full_name, last_login_date, last_password_change_date, lock_time, password, phone_number, role_id, status) 
    values
        (?, ?, ?, ?, ?, ?, ?, ?, ?, ?, ?)
2026-06-15T23:40:14.937+07:00 DEBUG 24632 --- [SportSwearShopSystem] [           main] org.hibernate.SQL                        : 
    select
        r1_0.role_id,
        r1_0.role_code,
        r1_0.role_description,
        r1_0.role_name 
    from
        roles r1_0 
    where
        r1_0.role_code=?
Hibernate: 
    select
        r1_0.role_id,
        r1_0.role_code,
        r1_0.role_description,
        r1_0.role_name 
    from
        roles r1_0 
    where
        r1_0.role_code=?
2026-06-15T23:40:14.941+07:00 DEBUG 24632 --- [SportSwearShopSystem] [           main] org.hibernate.SQL                        : 
    select
        u1_0.id,
        u1_0.created_at,
        u1_0.email,
        u1_0.failed_login_attempts,
        u1_0.full_name,
        u1_0.last_login_date,
        u1_0.last_password_change_date,
        u1_0.lock_time,
        u1_0.password,
        u1_0.phone_number,
        u1_0.role_id,
        u1_0.status 
    from
        users u1_0 
    where
        u1_0.email=?
Hibernate: 
    select
        u1_0.id,
        u1_0.created_at,
        u1_0.email,
        u1_0.failed_login_attempts,
        u1_0.full_name,
        u1_0.last_login_date,
        u1_0.last_password_change_date,
        u1_0.lock_time,
        u1_0.password,
        u1_0.phone_number,
        u1_0.role_id,
        u1_0.status 
    from
        users u1_0 
    where
        u1_0.email=?
2026-06-15T23:40:15.527+07:00 DEBUG 24632 --- [SportSwearShopSystem] [           main] org.hibernate.SQL                        : 
    insert 
    into
        users
        (created_at, email, failed_login_attempts, full_name, last_login_date, last_password_change_date, lock_time, password, phone_number, role_id, status) 
    values
        (?, ?, ?, ?, ?, ?, ?, ?, ?, ?, ?)
Hibernate: 
    insert 
    into
        users
        (created_at, email, failed_login_attempts, full_name, last_login_date, last_password_change_date, lock_time, password, phone_number, role_id, status) 
    values
        (?, ?, ?, ?, ?, ?, ?, ?, ?, ?, ?)
2026-06-15T23:40:15.535+07:00 DEBUG 24632 --- [SportSwearShopSystem] [           main] o.s.b.a.ApplicationAvailabilityBean      : Application availability state ReadinessState changed to ACCEPTING_TRAFFIC
2026-06-15T23:40:22.342+07:00 DEBUG 24632 --- [SportSwearShopSystem] [nio-8080-exec-4] o.s.web.servlet.DispatcherServlet        : POST "/api/auth/login", parameters={}
2026-06-15T23:40:22.342+07:00 DEBUG 24632 --- [SportSwearShopSystem] [nio-8080-exec-4] s.w.s.m.m.a.RequestMappingHandlerMapping : Mapped to com.team6.ecommercesystem.controller.AuthenticationController#login(LoginRequest)
2026-06-15T23:40:22.414+07:00 DEBUG 24632 --- [SportSwearShopSystem] [nio-8080-exec-4] m.m.a.RequestResponseBodyMethodProcessor : Read "application/json;charset=UTF-8" to [com.team6.ecommercesystem.dto.request.LoginRequest@40ded644]
2026-06-15T23:40:22.418+07:00  INFO 24632 --- [SportSwearShopSystem] [nio-8080-exec-4] c.t.e.c.AuthenticationController         : Login request received for email: shopstaff@example.com
2026-06-15T23:40:22.419+07:00  INFO 24632 --- [SportSwearShopSystem] [nio-8080-exec-4] c.t.e.service.AuthenticationServiceImpl  : Login attempt for email: shopstaff@example.com
2026-06-15T23:40:22.422+07:00 DEBUG 24632 --- [SportSwearShopSystem] [nio-8080-exec-4] org.hibernate.SQL                        : 
    select
        u1_0.id,
        u1_0.created_at,
        u1_0.email,
        u1_0.failed_login_attempts,
        u1_0.full_name,
        u1_0.last_login_date,
        u1_0.last_password_change_date,
        u1_0.lock_time,
        u1_0.password,
        u1_0.phone_number,
        u1_0.role_id,
        u1_0.status 
    from
        users u1_0 
    where
        u1_0.email=?
Hibernate: 
    select
        u1_0.id,
        u1_0.created_at,
        u1_0.email,
        u1_0.failed_login_attempts,
        u1_0.full_name,
        u1_0.last_login_date,
        u1_0.last_password_change_date,
        u1_0.lock_time,
        u1_0.password,
        u1_0.phone_number,
        u1_0.role_id,
        u1_0.status 
    from
        users u1_0 
    where
        u1_0.email=?
2026-06-15T23:40:22.925+07:00 DEBUG 24632 --- [SportSwearShopSystem] [nio-8080-exec-4] org.hibernate.SQL                        : 
    select
        u1_0.id,
        u1_0.created_at,
        u1_0.email,
        u1_0.failed_login_attempts,
        u1_0.full_name,
        u1_0.last_login_date,
        u1_0.last_password_change_date,
        u1_0.lock_time,
        u1_0.password,
        u1_0.phone_number,
        u1_0.role_id,
        u1_0.status 
    from
        users u1_0 
    where
        u1_0.email=?
Hibernate: 
    select
        u1_0.id,
        u1_0.created_at,
        u1_0.email,
        u1_0.failed_login_attempts,
        u1_0.full_name,
        u1_0.last_login_date,
        u1_0.last_password_change_date,
        u1_0.lock_time,
        u1_0.password,
        u1_0.phone_number,
        u1_0.role_id,
        u1_0.status 
    from
        users u1_0 
    where
        u1_0.email=?
2026-06-15T23:40:23.456+07:00 DEBUG 24632 --- [SportSwearShopSystem] [nio-8080-exec-4] org.hibernate.SQL                        : 
    select
        r1_0.role_id,
        r1_0.role_code,
        r1_0.role_description,
        r1_0.role_name 
    from
        roles r1_0 
    where
        r1_0.role_id=?
Hibernate: 
    select
        r1_0.role_id,
        r1_0.role_code,
        r1_0.role_description,
        r1_0.role_name 
    from
        roles r1_0 
    where
        r1_0.role_id=?
2026-06-15T23:40:23.459+07:00  INFO 24632 --- [SportSwearShopSystem] [nio-8080-exec-4] c.t.e.service.AuthenticationServiceImpl  : User authenticated successfully: shopstaff@example.com
2026-06-15T23:40:23.520+07:00 DEBUG 24632 --- [SportSwearShopSystem] [nio-8080-exec-4] org.hibernate.SQL                        : 
    insert 
    into
        valid_refresh_tokens
        (created_at, expired_time, jwt_id, revoked, user_id) 
    values
        (?, ?, ?, ?, ?)
Hibernate: 
    insert 
    into
        valid_refresh_tokens
        (created_at, expired_time, jwt_id, revoked, user_id) 
    values
        (?, ?, ?, ?, ?)
2026-06-15T23:40:23.541+07:00 DEBUG 24632 --- [SportSwearShopSystem] [nio-8080-exec-4] o.s.w.s.m.m.a.HttpEntityMethodProcessor  : Using 'application/json', given [*/*] and supported [application/json, application/*+json]
2026-06-15T23:40:23.542+07:00 DEBUG 24632 --- [SportSwearShopSystem] [nio-8080-exec-4] o.s.w.s.m.m.a.HttpEntityMethodProcessor  : Writing [com.team6.ecommercesystem.dto.response.LoginResponse@26218e5]
2026-06-15T23:40:23.548+07:00 DEBUG 24632 --- [SportSwearShopSystem] [nio-8080-exec-4] o.s.web.servlet.DispatcherServlet        : Completed 200 OK
2026-06-15T23:42:12.746+07:00 DEBUG 24632 --- [SportSwearShopSystem] [nio-8080-exec-8] o.s.web.servlet.DispatcherServlet        : POST "/api/auth/login", parameters={}
2026-06-15T23:42:12.764+07:00 DEBUG 24632 --- [SportSwearShopSystem] [nio-8080-exec-8] s.w.s.m.m.a.RequestMappingHandlerMapping : Mapped to com.team6.ecommercesystem.controller.AuthenticationController#login(LoginRequest)
2026-06-15T23:42:12.969+07:00 DEBUG 24632 --- [SportSwearShopSystem] [nio-8080-exec-8] m.m.a.RequestResponseBodyMethodProcessor : Read "application/json;charset=UTF-8" to [com.team6.ecommercesystem.dto.request.LoginRequest@7cf32694]
2026-06-15T23:42:13.001+07:00  INFO 24632 --- [SportSwearShopSystem] [nio-8080-exec-8] c.t.e.c.AuthenticationController         : Login request received for email: admin@example.com
2026-06-15T23:42:13.083+07:00  INFO 24632 --- [SportSwearShopSystem] [nio-8080-exec-8] c.t.e.service.AuthenticationServiceImpl  : Login attempt for email: admin@example.com
2026-06-15T23:42:13.279+07:00 DEBUG 24632 --- [SportSwearShopSystem] [nio-8080-exec-8] org.hibernate.SQL                        : 
    select
        u1_0.id,
        u1_0.created_at,
        u1_0.email,
        u1_0.failed_login_attempts,
        u1_0.full_name,
        u1_0.last_login_date,
        u1_0.last_password_change_date,
        u1_0.lock_time,
        u1_0.password,
        u1_0.phone_number,
        u1_0.role_id,
        u1_0.status 
    from
        users u1_0 
    where
        u1_0.email=?
Hibernate: 
    select
        u1_0.id,
        u1_0.created_at,
        u1_0.email,
        u1_0.failed_login_attempts,
        u1_0.full_name,
        u1_0.last_login_date,
        u1_0.last_password_change_date,
        u1_0.lock_time,
        u1_0.password,
        u1_0.phone_number,
        u1_0.role_id,
        u1_0.status 
    from
        users u1_0 
    where
        u1_0.email=?
2026-06-15T23:42:13.409+07:00 DEBUG 24632 --- [SportSwearShopSystem] [nio-8080-exec-8] org.hibernate.SQL                        : 
    select
        u1_0.id,
        u1_0.created_at,
        u1_0.email,
        u1_0.failed_login_attempts,
        u1_0.full_name,
        u1_0.last_login_date,
        u1_0.last_password_change_date,
        u1_0.lock_time,
        u1_0.password,
        u1_0.phone_number,
        u1_0.role_id,
        u1_0.status 
    from
        users u1_0 
    where
        u1_0.email=?
Hibernate: 
    select
        u1_0.id,
        u1_0.created_at,
        u1_0.email,
        u1_0.failed_login_attempts,
        u1_0.full_name,
        u1_0.last_login_date,
        u1_0.last_password_change_date,
        u1_0.lock_time,
        u1_0.password,
        u1_0.phone_number,
        u1_0.role_id,
        u1_0.status 
    from
        users u1_0 
    where
        u1_0.email=?
2026-06-15T23:42:14.477+07:00 DEBUG 24632 --- [SportSwearShopSystem] [nio-8080-exec-8] org.hibernate.SQL                        : 
    select
        r1_0.role_id,
        r1_0.role_code,
        r1_0.role_description,
        r1_0.role_name 
    from
        roles r1_0 
    where
        r1_0.role_id=?
Hibernate: 
    select
        r1_0.role_id,
        r1_0.role_code,
        r1_0.role_description,
        r1_0.role_name 
    from
        roles r1_0 
    where
        r1_0.role_id=?
2026-06-15T23:42:14.497+07:00  INFO 24632 --- [SportSwearShopSystem] [nio-8080-exec-8] c.t.e.service.AuthenticationServiceImpl  : User authenticated successfully: admin@example.com
2026-06-15T23:42:14.592+07:00 DEBUG 24632 --- [SportSwearShopSystem] [nio-8080-exec-8] org.hibernate.SQL                        : 
    insert 
    into
        valid_refresh_tokens
        (created_at, expired_time, jwt_id, revoked, user_id) 
    values
        (?, ?, ?, ?, ?)
Hibernate: 
    insert 
    into
        valid_refresh_tokens
        (created_at, expired_time, jwt_id, revoked, user_id) 
    values
        (?, ?, ?, ?, ?)
2026-06-15T23:42:14.638+07:00 DEBUG 24632 --- [SportSwearShopSystem] [nio-8080-exec-8] o.s.w.s.m.m.a.HttpEntityMethodProcessor  : Using 'application/json', given [*/*] and supported [application/json, application/*+json]
2026-06-15T23:42:14.642+07:00 DEBUG 24632 --- [SportSwearShopSystem] [nio-8080-exec-8] o.s.w.s.m.m.a.HttpEntityMethodProcessor  : Writing [com.team6.ecommercesystem.dto.response.LoginResponse@5f0f249c]
2026-06-15T23:42:14.663+07:00 DEBUG 24632 --- [SportSwearShopSystem] [nio-8080-exec-8] o.s.web.servlet.DispatcherServlet        : Completed 200 OK
2026-06-15T23:42:16.946+07:00 DEBUG 24632 --- [SportSwearShopSystem] [io-8080-exec-10] o.s.web.servlet.DispatcherServlet        : GET "/api/admin/reports/dashboard?startDate=2026-06-15T00%3A00%3A00.000&endDate=2026-06-15T23%3A42%3A14.803", parameters={masked}
2026-06-15T23:42:16.947+07:00 DEBUG 24632 --- [SportSwearShopSystem] [io-8080-exec-10] s.w.s.m.m.a.RequestMappingHandlerMapping : Mapped to com.team6.ecommercesystem.controller.ReportController#getDashboardReport(LocalDateTime, LocalDateTime)
2026-06-15T23:42:18.348+07:00 DEBUG 24632 --- [SportSwearShopSystem] [io-8080-exec-10] org.hibernate.SQL                        : 
    select
        sum(o1_0.total_amount) 
    from
        orders o1_0 
    where
        o1_0.status='COMPLETED' 
        and o1_0.order_date>=? 
        and o1_0.order_date<=?
Hibernate: 
    select
        sum(o1_0.total_amount) 
    from
        orders o1_0 
    where
        o1_0.status='COMPLETED' 
        and o1_0.order_date>=? 
        and o1_0.order_date<=?
2026-06-15T23:42:18.399+07:00 DEBUG 24632 --- [SportSwearShopSystem] [io-8080-exec-10] org.hibernate.SQL                        : 
    select
        count(o1_0.id) 
    from
        orders o1_0 
    where
        o1_0.order_date>=? 
        and o1_0.order_date<=?
Hibernate: 
    select
        count(o1_0.id) 
    from
        orders o1_0 
    where
        o1_0.order_date>=? 
        and o1_0.order_date<=?
2026-06-15T23:42:18.409+07:00 DEBUG 24632 --- [SportSwearShopSystem] [io-8080-exec-10] org.hibernate.SQL                        : 
    select
        count(o1_0.id) 
    from
        orders o1_0 
    where
        o1_0.status='PENDING' 
        and o1_0.order_date>=? 
        and o1_0.order_date<=?
Hibernate: 
    select
        count(o1_0.id) 
    from
        orders o1_0 
    where
        o1_0.status='PENDING' 
        and o1_0.order_date>=? 
        and o1_0.order_date<=?
2026-06-15T23:42:18.417+07:00 DEBUG 24632 --- [SportSwearShopSystem] [io-8080-exec-10] org.hibernate.SQL                        : 
    select
        count(u1_0.id) 
    from
        users u1_0 
    where
        u1_0.created_at>=? 
        and u1_0.created_at<=?
Hibernate: 
    select
        count(u1_0.id) 
    from
        users u1_0 
    where
        u1_0.created_at>=? 
        and u1_0.created_at<=?
2026-06-15T23:42:18.472+07:00 DEBUG 24632 --- [SportSwearShopSystem] [io-8080-exec-10] o.s.w.s.m.m.a.HttpEntityMethodProcessor  : Using 'application/json', given [*/*] and supported [application/json, application/*+json]
2026-06-15T23:42:18.487+07:00 DEBUG 24632 --- [SportSwearShopSystem] [io-8080-exec-10] o.s.w.s.m.m.a.HttpEntityMethodProcessor  : Writing [DashboardReportResponse(totalRevenue=0, totalOrders=0, newUsers=4, pendingOrders=0)]
2026-06-15T23:42:18.628+07:00 DEBUG 24632 --- [SportSwearShopSystem] [io-8080-exec-10] o.s.web.servlet.DispatcherServlet        : Completed 200 OK
2026-06-15T23:42:22.555+07:00 DEBUG 24632 --- [SportSwearShopSystem] [nio-8080-exec-7] o.s.web.servlet.DispatcherServlet        : GET "/api/admin/products", parameters={}
2026-06-15T23:42:22.556+07:00 DEBUG 24632 --- [SportSwearShopSystem] [nio-8080-exec-7] s.w.s.m.m.a.RequestMappingHandlerMapping : Mapped to com.team6.ecommercesystem.controller.ProductController#getAll()
2026-06-15T23:42:22.680+07:00 DEBUG 24632 --- [SportSwearShopSystem] [nio-8080-exec-7] org.hibernate.SQL                        : 
    select
        p1_0.id,
        p1_0.brand_id,
        p1_0.category_id,
        p1_0.description,
        p1_0.product_name,
        p1_0.sport_id 
    from
        products p1_0
Hibernate: 
    select
        p1_0.id,
        p1_0.brand_id,
        p1_0.category_id,
        p1_0.description,
        p1_0.product_name,
        p1_0.sport_id 
    from
        products p1_0
2026-06-15T23:42:22.701+07:00 DEBUG 24632 --- [SportSwearShopSystem] [nio-8080-exec-7] o.s.w.s.m.m.a.HttpEntityMethodProcessor  : Using 'application/json', given [*/*] and supported [application/json, application/*+json]
2026-06-15T23:42:22.702+07:00 DEBUG 24632 --- [SportSwearShopSystem] [nio-8080-exec-7] o.s.w.s.m.m.a.HttpEntityMethodProcessor  : Writing [[]]
2026-06-15T23:42:22.706+07:00 DEBUG 24632 --- [SportSwearShopSystem] [nio-8080-exec-7] o.s.web.servlet.DispatcherServlet        : Completed 200 OK
2026-06-15T23:42:25.659+07:00 DEBUG 24632 --- [SportSwearShopSystem] [nio-8080-exec-1] o.s.web.servlet.DispatcherServlet        : GET "/api/admin/reports/dashboard?startDate=2026-06-15T00%3A00%3A00.000&endDate=2026-06-15T23%3A42%3A24.370", parameters={masked}
2026-06-15T23:42:25.757+07:00 DEBUG 24632 --- [SportSwearShopSystem] [nio-8080-exec-1] s.w.s.m.m.a.RequestMappingHandlerMapping : Mapped to com.team6.ecommercesystem.controller.ReportController#getDashboardReport(LocalDateTime, LocalDateTime)
2026-06-15T23:42:25.947+07:00 DEBUG 24632 --- [SportSwearShopSystem] [nio-8080-exec-1] org.hibernate.SQL                        : 
    select
        sum(o1_0.total_amount) 
    from
        orders o1_0 
    where
        o1_0.status='COMPLETED' 
        and o1_0.order_date>=? 
        and o1_0.order_date<=?
Hibernate: 
    select
        sum(o1_0.total_amount) 
    from
        orders o1_0 
    where
        o1_0.status='COMPLETED' 
        and o1_0.order_date>=? 
        and o1_0.order_date<=?
2026-06-15T23:42:25.994+07:00 DEBUG 24632 --- [SportSwearShopSystem] [nio-8080-exec-1] org.hibernate.SQL                        : 
    select
        count(o1_0.id) 
    from
        orders o1_0 
    where
        o1_0.order_date>=? 
        and o1_0.order_date<=?
Hibernate: 
    select
        count(o1_0.id) 
    from
        orders o1_0 
    where
        o1_0.order_date>=? 
        and o1_0.order_date<=?
2026-06-15T23:42:25.997+07:00 DEBUG 24632 --- [SportSwearShopSystem] [nio-8080-exec-1] org.hibernate.SQL                        : 
    select
        count(o1_0.id) 
    from
        orders o1_0 
    where
        o1_0.status='PENDING' 
        and o1_0.order_date>=? 
        and o1_0.order_date<=?
Hibernate: 
    select
        count(o1_0.id) 
    from
        orders o1_0 
    where
        o1_0.status='PENDING' 
        and o1_0.order_date>=? 
        and o1_0.order_date<=?
2026-06-15T23:42:26.000+07:00 DEBUG 24632 --- [SportSwearShopSystem] [nio-8080-exec-1] org.hibernate.SQL                        : 
    select
        count(u1_0.id) 
    from
        users u1_0 
    where
        u1_0.created_at>=? 
        and u1_0.created_at<=?
Hibernate: 
    select
        count(u1_0.id) 
    from
        users u1_0 
    where
        u1_0.created_at>=? 
        and u1_0.created_at<=?
2026-06-15T23:42:26.002+07:00 DEBUG 24632 --- [SportSwearShopSystem] [nio-8080-exec-1] o.s.w.s.m.m.a.HttpEntityMethodProcessor  : Using 'application/json', given [*/*] and supported [application/json, application/*+json]
2026-06-15T23:42:26.003+07:00 DEBUG 24632 --- [SportSwearShopSystem] [nio-8080-exec-1] o.s.w.s.m.m.a.HttpEntityMethodProcessor  : Writing [DashboardReportResponse(totalRevenue=0, totalOrders=0, newUsers=4, pendingOrders=0)]
2026-06-15T23:42:26.007+07:00 DEBUG 24632 --- [SportSwearShopSystem] [nio-8080-exec-1] o.s.web.servlet.DispatcherServlet        : Completed 200 OK
2026-06-15T23:51:05.318+07:00  WARN 24632 --- [SportSwearShopSystem] [nio-8080-exec-8] o.a.c.util.SessionIdGeneratorBase        : Creation of SecureRandom instance for session ID generation using [SHA1PRNG] took [559] milliseconds.
2026-06-15T23:52:12.909+07:00 DEBUG 24632 --- [SportSwearShopSystem] [nio-8080-exec-2] o.s.web.servlet.DispatcherServlet        : POST "/api/auth/login", parameters={}
2026-06-15T23:52:12.984+07:00 DEBUG 24632 --- [SportSwearShopSystem] [nio-8080-exec-2] s.w.s.m.m.a.RequestMappingHandlerMapping : Mapped to com.team6.ecommercesystem.controller.AuthenticationController#login(LoginRequest)
2026-06-15T23:52:13.969+07:00 DEBUG 24632 --- [SportSwearShopSystem] [nio-8080-exec-2] m.m.a.RequestResponseBodyMethodProcessor : Read "application/json;charset=UTF-8" to [com.team6.ecommercesystem.dto.request.LoginRequest@31ac2f4b]
2026-06-15T23:52:14.199+07:00  INFO 24632 --- [SportSwearShopSystem] [nio-8080-exec-2] c.t.e.c.AuthenticationController         : Login request received for email: shopstaff@example.com
2026-06-15T23:52:15.388+07:00  INFO 24632 --- [SportSwearShopSystem] [nio-8080-exec-2] c.t.e.service.AuthenticationServiceImpl  : Login attempt for email: shopstaff@example.com
2026-06-15T23:52:16.465+07:00 DEBUG 24632 --- [SportSwearShopSystem] [nio-8080-exec-2] org.hibernate.SQL                        : 
    select
        u1_0.id,
        u1_0.created_at,
        u1_0.email,
        u1_0.failed_login_attempts,
        u1_0.full_name,
        u1_0.last_login_date,
        u1_0.last_password_change_date,
        u1_0.lock_time,
        u1_0.password,
        u1_0.phone_number,
        u1_0.role_id,
        u1_0.status 
    from
        users u1_0 
    where
        u1_0.email=?
Hibernate: 
    select
        u1_0.id,
        u1_0.created_at,
        u1_0.email,
        u1_0.failed_login_attempts,
        u1_0.full_name,
        u1_0.last_login_date,
        u1_0.last_password_change_date,
        u1_0.lock_time,
        u1_0.password,
        u1_0.phone_number,
        u1_0.role_id,
        u1_0.status 
    from
        users u1_0 
    where
        u1_0.email=?
2026-06-15T23:52:16.670+07:00 DEBUG 24632 --- [SportSwearShopSystem] [nio-8080-exec-2] org.hibernate.SQL                        : 
    select
        u1_0.id,
        u1_0.created_at,
        u1_0.email,
        u1_0.failed_login_attempts,
        u1_0.full_name,
        u1_0.last_login_date,
        u1_0.last_password_change_date,
        u1_0.lock_time,
        u1_0.password,
        u1_0.phone_number,
        u1_0.role_id,
        u1_0.status 
    from
        users u1_0 
    where
        u1_0.email=?
Hibernate: 
    select
        u1_0.id,
        u1_0.created_at,
        u1_0.email,
        u1_0.failed_login_attempts,
        u1_0.full_name,
        u1_0.last_login_date,
        u1_0.last_password_change_date,
        u1_0.lock_time,
        u1_0.password,
        u1_0.phone_number,
        u1_0.role_id,
        u1_0.status 
    from
        users u1_0 
    where
        u1_0.email=?
2026-06-15T23:52:19.466+07:00 DEBUG 24632 --- [SportSwearShopSystem] [nio-8080-exec-2] org.hibernate.SQL                        : 
    select
        r1_0.role_id,
        r1_0.role_code,
        r1_0.role_description,
        r1_0.role_name 
    from
        roles r1_0 
    where
        r1_0.role_id=?
Hibernate: 
    select
        r1_0.role_id,
        r1_0.role_code,
        r1_0.role_description,
        r1_0.role_name 
    from
        roles r1_0 
    where
        r1_0.role_id=?
2026-06-15T23:52:19.481+07:00  INFO 24632 --- [SportSwearShopSystem] [nio-8080-exec-2] c.t.e.service.AuthenticationServiceImpl  : User authenticated successfully: shopstaff@example.com
2026-06-15T23:52:19.535+07:00 DEBUG 24632 --- [SportSwearShopSystem] [nio-8080-exec-2] org.hibernate.SQL                        : 
    insert 
    into
        valid_refresh_tokens
        (created_at, expired_time, jwt_id, revoked, user_id) 
    values
        (?, ?, ?, ?, ?)
Hibernate: 
    insert 
    into
        valid_refresh_tokens
        (created_at, expired_time, jwt_id, revoked, user_id) 
    values
        (?, ?, ?, ?, ?)
2026-06-15T23:52:19.608+07:00 DEBUG 24632 --- [SportSwearShopSystem] [nio-8080-exec-2] o.s.w.s.m.m.a.HttpEntityMethodProcessor  : Using 'application/json', given [*/*] and supported [application/json, application/*+json]
2026-06-15T23:52:19.611+07:00 DEBUG 24632 --- [SportSwearShopSystem] [nio-8080-exec-2] o.s.w.s.m.m.a.HttpEntityMethodProcessor  : Writing [com.team6.ecommercesystem.dto.response.LoginResponse@2d931f57]
2026-06-15T23:52:19.622+07:00 DEBUG 24632 --- [SportSwearShopSystem] [nio-8080-exec-2] o.s.web.servlet.DispatcherServlet        : Completed 200 OK
2026-06-15T23:52:27.826+07:00 DEBUG 24632 --- [SportSwearShopSystem] [nio-8080-exec-4] o.s.web.servlet.DispatcherServlet        : GET "/api/orders/admin", parameters={}
2026-06-15T23:52:27.827+07:00 DEBUG 24632 --- [SportSwearShopSystem] [nio-8080-exec-4] s.w.s.m.m.a.RequestMappingHandlerMapping : Mapped to com.team6.ecommercesystem.controller.OrderController#getAllOrders()
2026-06-15T23:52:28.267+07:00 DEBUG 24632 --- [SportSwearShopSystem] [nio-8080-exec-4] org.hibernate.SQL                        : 
    select
        o1_0.id,
        o1_0.note,
        o1_0.order_date,
        o1_0.payment_method,
        o1_0.phone_number,
        o1_0.recipient_name,
        o1_0.shipping_address,
        o1_0.status,
        o1_0.total_amount,
        o1_0.user_id 
    from
        orders o1_0
Hibernate: 
    select
        o1_0.id,
        o1_0.note,
        o1_0.order_date,
        o1_0.payment_method,
        o1_0.phone_number,
        o1_0.recipient_name,
        o1_0.shipping_address,
        o1_0.status,
        o1_0.total_amount,
        o1_0.user_id 
    from
        orders o1_0
2026-06-15T23:52:28.514+07:00 DEBUG 24632 --- [SportSwearShopSystem] [nio-8080-exec-4] o.s.w.s.m.m.a.HttpEntityMethodProcessor  : Using 'application/json', given [*/*] and supported [application/json, application/*+json]
2026-06-15T23:52:28.515+07:00 DEBUG 24632 --- [SportSwearShopSystem] [nio-8080-exec-4] o.s.w.s.m.m.a.HttpEntityMethodProcessor  : Writing [[]]
2026-06-15T23:52:28.521+07:00 DEBUG 24632 --- [SportSwearShopSystem] [nio-8080-exec-4] o.s.web.servlet.DispatcherServlet        : Completed 200 OK
2026-06-15T23:52:30.862+07:00 DEBUG 24632 --- [SportSwearShopSystem] [nio-8080-exec-5] o.s.web.servlet.DispatcherServlet        : GET "/api/admin/reports/dashboard?startDate=2026-06-15T00%3A00%3A00.000&endDate=2026-06-15T23%3A52%3A30.143", parameters={masked}
2026-06-15T23:52:30.863+07:00 DEBUG 24632 --- [SportSwearShopSystem] [nio-8080-exec-5] s.w.s.m.m.a.RequestMappingHandlerMapping : Mapped to com.team6.ecommercesystem.controller.ReportController#getDashboardReport(LocalDateTime, LocalDateTime)
2026-06-15T23:52:32.013+07:00 DEBUG 24632 --- [SportSwearShopSystem] [nio-8080-exec-5] .m.m.a.ExceptionHandlerExceptionResolver : Using @ExceptionHandler com.team6.ecommercesystem.utils.GlobalExceptionHandler#handleException(Exception)
org.springframework.security.access.AccessDeniedException: Access Denied
	at org.springframework.security.authorization.method.AuthorizationManagerBeforeMethodInterceptor.attemptAuthorization(AuthorizationManagerBeforeMethodInterceptor.java:256)
	at org.springframework.security.authorization.method.AuthorizationManagerBeforeMethodInterceptor.invoke(AuthorizationManagerBeforeMethodInterceptor.java:197)
	at org.springframework.aop.framework.ReflectiveMethodInvocation.proceed(ReflectiveMethodInvocation.java:184)
	at org.springframework.aop.framework.CglibAopProxy$CglibMethodInvocation.proceed(CglibAopProxy.java:768)
	at org.springframework.aop.framework.CglibAopProxy$DynamicAdvisedInterceptor.intercept(CglibAopProxy.java:720)
	at com.team6.ecommercesystem.controller.ReportController$$SpringCGLIB$$0.getDashboardReport(<generated>)
	at java.base/jdk.internal.reflect.DirectMethodHandleAccessor.invoke(DirectMethodHandleAccessor.java:103)
	at java.base/java.lang.reflect.Method.invoke(Method.java:580)
	at org.springframework.web.method.support.InvocableHandlerMethod.doInvoke(InvocableHandlerMethod.java:255)
	at org.springframework.web.method.support.InvocableHandlerMethod.invokeForRequest(InvocableHandlerMethod.java:188)
	at org.springframework.web.servlet.mvc.method.annotation.ServletInvocableHandlerMethod.invokeAndHandle(ServletInvocableHandlerMethod.java:118)
	at org.springframework.web.servlet.mvc.method.annotation.RequestMappingHandlerAdapter.invokeHandlerMethod(RequestMappingHandlerAdapter.java:926)
	at org.springframework.web.servlet.mvc.method.annotation.RequestMappingHandlerAdapter.handleInternal(RequestMappingHandlerAdapter.java:831)
	at org.springframework.web.servlet.mvc.method.AbstractHandlerMethodAdapter.handle(AbstractHandlerMethodAdapter.java:87)
	at org.springframework.web.servlet.DispatcherServlet.doDispatch(DispatcherServlet.java:1089)
	at org.springframework.web.servlet.DispatcherServlet.doService(DispatcherServlet.java:979)
	at org.springframework.web.servlet.FrameworkServlet.processRequest(FrameworkServlet.java:1014)
	at org.springframework.web.servlet.FrameworkServlet.doGet(FrameworkServlet.java:903)
	at jakarta.servlet.http.HttpServlet.service(HttpServlet.java:564)
	at org.springframework.web.servlet.FrameworkServlet.service(FrameworkServlet.java:885)
	at jakarta.servlet.http.HttpServlet.service(HttpServlet.java:658)
	at org.apache.catalina.core.ApplicationFilterChain.internalDoFilter(ApplicationFilterChain.java:195)
	at org.apache.catalina.core.ApplicationFilterChain.doFilter(ApplicationFilterChain.java:140)
	at org.apache.tomcat.websocket.server.WsFilter.doFilter(WsFilter.java:51)
	at org.apache.catalina.core.ApplicationFilterChain.internalDoFilter(ApplicationFilterChain.java:164)
	at org.apache.catalina.core.ApplicationFilterChain.doFilter(ApplicationFilterChain.java:140)
	at org.springframework.web.filter.CompositeFilter$VirtualFilterChain.doFilter(CompositeFilter.java:108)
	at org.springframework.security.web.FilterChainProxy.lambda$doFilterInternal$3(FilterChainProxy.java:231)
	at org.springframework.security.web.FilterChainProxy$VirtualFilterChain.doFilter(FilterChainProxy.java:365)
	at org.springframework.security.web.access.intercept.AuthorizationFilter.doFilter(AuthorizationFilter.java:100)
	at org.springframework.security.web.FilterChainProxy$VirtualFilterChain.doFilter(FilterChainProxy.java:374)
	at org.springframework.security.web.access.ExceptionTranslationFilter.doFilter(ExceptionTranslationFilter.java:126)
	at org.springframework.security.web.access.ExceptionTranslationFilter.doFilter(ExceptionTranslationFilter.java:120)
	at org.springframework.security.web.FilterChainProxy$VirtualFilterChain.doFilter(FilterChainProxy.java:374)
	at org.springframework.security.web.authentication.AnonymousAuthenticationFilter.doFilter(AnonymousAuthenticationFilter.java:100)
	at org.springframework.security.web.FilterChainProxy$VirtualFilterChain.doFilter(FilterChainProxy.java:374)
	at org.springframework.security.web.servletapi.SecurityContextHolderAwareRequestFilter.doFilter(SecurityContextHolderAwareRequestFilter.java:179)
	at org.springframework.security.web.FilterChainProxy$VirtualFilterChain.doFilter(FilterChainProxy.java:374)
	at org.springframework.security.web.savedrequest.RequestCacheAwareFilter.doFilter(RequestCacheAwareFilter.java:63)
	at org.springframework.security.web.FilterChainProxy$VirtualFilterChain.doFilter(FilterChainProxy.java:374)
	at org.springframework.security.oauth2.server.resource.web.authentication.BearerTokenAuthenticationFilter.doFilterInternal(BearerTokenAuthenticationFilter.java:145)
	at org.springframework.web.filter.OncePerRequestFilter.doFilter(OncePerRequestFilter.java:116)
	at org.springframework.security.web.FilterChainProxy$VirtualFilterChain.doFilter(FilterChainProxy.java:374)
	at org.springframework.security.web.authentication.logout.LogoutFilter.doFilter(LogoutFilter.java:107)
	at org.springframework.security.web.authentication.logout.LogoutFilter.doFilter(LogoutFilter.java:93)
	at org.springframework.security.web.FilterChainProxy$VirtualFilterChain.doFilter(FilterChainProxy.java:374)
	at org.springframework.web.filter.CorsFilter.doFilterInternal(CorsFilter.java:91)
	at org.springframework.web.filter.OncePerRequestFilter.doFilter(OncePerRequestFilter.java:116)
	at org.springframework.security.web.FilterChainProxy$VirtualFilterChain.doFilter(FilterChainProxy.java:374)
	at org.springframework.security.web.header.HeaderWriterFilter.doHeadersAfter(HeaderWriterFilter.java:90)
	at org.springframework.security.web.header.HeaderWriterFilter.doFilterInternal(HeaderWriterFilter.java:75)
	at org.springframework.web.filter.OncePerRequestFilter.doFilter(OncePerRequestFilter.java:116)
	at org.springframework.security.web.FilterChainProxy$VirtualFilterChain.doFilter(FilterChainProxy.java:374)
	at org.springframework.security.web.context.SecurityContextHolderFilter.doFilter(SecurityContextHolderFilter.java:82)
	at org.springframework.security.web.context.SecurityContextHolderFilter.doFilter(SecurityContextHolderFilter.java:69)
	at org.springframework.security.web.FilterChainProxy$VirtualFilterChain.doFilter(FilterChainProxy.java:374)
	at org.springframework.security.web.context.request.async.WebAsyncManagerIntegrationFilter.doFilterInternal(WebAsyncManagerIntegrationFilter.java:62)
	at org.springframework.web.filter.OncePerRequestFilter.doFilter(OncePerRequestFilter.java:116)
	at org.springframework.security.web.FilterChainProxy$VirtualFilterChain.doFilter(FilterChainProxy.java:374)
	at org.springframework.security.web.session.DisableEncodeUrlFilter.doFilterInternal(DisableEncodeUrlFilter.java:42)
	at org.springframework.web.filter.OncePerRequestFilter.doFilter(OncePerRequestFilter.java:116)
	at org.springframework.security.web.FilterChainProxy$VirtualFilterChain.doFilter(FilterChainProxy.java:374)
	at org.springframework.security.web.FilterChainProxy.doFilterInternal(FilterChainProxy.java:233)
	at org.springframework.security.web.FilterChainProxy.doFilter(FilterChainProxy.java:191)
	at org.springframework.web.filter.CompositeFilter$VirtualFilterChain.doFilter(CompositeFilter.java:113)
	at org.springframework.web.servlet.handler.HandlerMappingIntrospector.lambda$createCacheFilter$3(HandlerMappingIntrospector.java:195)
	at org.springframework.web.filter.CompositeFilter$VirtualFilterChain.doFilter(CompositeFilter.java:113)
	at org.springframework.web.filter.CompositeFilter.doFilter(CompositeFilter.java:74)
	at org.springframework.security.config.annotation.web.configuration.WebMvcSecurityConfiguration$CompositeFilterChainProxy.doFilter(WebMvcSecurityConfiguration.java:230)
	at org.springframework.web.filter.DelegatingFilterProxy.invokeDelegate(DelegatingFilterProxy.java:352)
	at org.springframework.web.filter.DelegatingFilterProxy.doFilter(DelegatingFilterProxy.java:268)
	at org.apache.catalina.core.ApplicationFilterChain.internalDoFilter(ApplicationFilterChain.java:164)
	at org.apache.catalina.core.ApplicationFilterChain.doFilter(ApplicationFilterChain.java:140)
	at org.springframework.web.filter.RequestContextFilter.doFilterInternal(RequestContextFilter.java:100)
	at org.springframework.web.filter.OncePerRequestFilter.doFilter(OncePerRequestFilter.java:116)
	at org.apache.catalina.core.ApplicationFilterChain.internalDoFilter(ApplicationFilterChain.java:164)
	at org.apache.catalina.core.ApplicationFilterChain.doFilter(ApplicationFilterChain.java:140)
	at org.springframework.web.filter.FormContentFilter.doFilterInternal(FormContentFilter.java:93)
	at org.springframework.web.filter.OncePerRequestFilter.doFilter(OncePerRequestFilter.java:116)
	at org.apache.catalina.core.ApplicationFilterChain.internalDoFilter(ApplicationFilterChain.java:164)
	at org.apache.catalina.core.ApplicationFilterChain.doFilter(ApplicationFilterChain.java:140)
	at org.springframework.web.filter.CharacterEncodingFilter.doFilterInternal(CharacterEncodingFilter.java:201)
	at org.springframework.web.filter.OncePerRequestFilter.doFilter(OncePerRequestFilter.java:116)
	at org.apache.catalina.core.ApplicationFilterChain.internalDoFilter(ApplicationFilterChain.java:164)
	at org.apache.catalina.core.ApplicationFilterChain.doFilter(ApplicationFilterChain.java:140)
	at org.apache.catalina.core.StandardWrapperValve.invoke(StandardWrapperValve.java:167)
	at org.apache.catalina.core.StandardContextValve.invoke(StandardContextValve.java:90)
	at org.apache.catalina.authenticator.AuthenticatorBase.invoke(AuthenticatorBase.java:482)
	at org.apache.catalina.core.StandardHostValve.invoke(StandardHostValve.java:115)
	at org.apache.catalina.valves.ErrorReportValve.invoke(ErrorReportValve.java:93)
	at org.apache.catalina.core.StandardEngineValve.invoke(StandardEngineValve.java:74)
	at org.apache.catalina.connector.CoyoteAdapter.service(CoyoteAdapter.java:344)
	at org.apache.coyote.http11.Http11Processor.service(Http11Processor.java:389)
	at org.apache.coyote.AbstractProcessorLight.process(AbstractProcessorLight.java:63)
	at org.apache.coyote.AbstractProtocol$ConnectionHandler.process(AbstractProtocol.java:896)
	at org.apache.tomcat.util.net.NioEndpoint$SocketProcessor.doRun(NioEndpoint.java:1741)
	at org.apache.tomcat.util.net.SocketProcessorBase.run(SocketProcessorBase.java:52)
	at org.apache.tomcat.util.threads.ThreadPoolExecutor.runWorker(ThreadPoolExecutor.java:1190)
	at org.apache.tomcat.util.threads.ThreadPoolExecutor$Worker.run(ThreadPoolExecutor.java:659)
	at org.apache.tomcat.util.threads.TaskThread$WrappingRunnable.run(TaskThread.java:63)
	at java.base/java.lang.Thread.run(Thread.java:1583)
2026-06-15T23:52:32.270+07:00 DEBUG 24632 --- [SportSwearShopSystem] [nio-8080-exec-5] o.s.w.s.m.m.a.HttpEntityMethodProcessor  : Using 'application/json', given [*/*] and supported [application/json, application/*+json]
2026-06-15T23:52:32.391+07:00 DEBUG 24632 --- [SportSwearShopSystem] [nio-8080-exec-5] o.s.w.s.m.m.a.HttpEntityMethodProcessor  : Writing [ErrorResponse(status=500, error=Internal Server Error, message=Access Denied, timestamp=2026-06-15T2 (truncated)...]
2026-06-15T23:52:32.412+07:00 DEBUG 24632 --- [SportSwearShopSystem] [nio-8080-exec-5] .m.m.a.ExceptionHandlerExceptionResolver : Resolved [org.springframework.security.access.AccessDeniedException: Access Denied]
2026-06-15T23:52:32.413+07:00 DEBUG 24632 --- [SportSwearShopSystem] [nio-8080-exec-5] o.s.web.servlet.DispatcherServlet        : Completed 500 INTERNAL_SERVER_ERROR
2026-06-15T23:52:34.733+07:00 DEBUG 24632 --- [SportSwearShopSystem] [nio-8080-exec-9] o.s.web.servlet.DispatcherServlet        : GET "/api/admin/products", parameters={}
2026-06-15T23:52:34.736+07:00 DEBUG 24632 --- [SportSwearShopSystem] [nio-8080-exec-9] s.w.s.m.m.a.RequestMappingHandlerMapping : Mapped to com.team6.ecommercesystem.controller.ProductController#getAll()
2026-06-15T23:52:34.745+07:00 DEBUG 24632 --- [SportSwearShopSystem] [nio-8080-exec-9] .m.m.a.ExceptionHandlerExceptionResolver : Using @ExceptionHandler com.team6.ecommercesystem.utils.GlobalExceptionHandler#handleException(Exception)
org.springframework.security.access.AccessDeniedException: Access Denied
	at org.springframework.security.authorization.method.AuthorizationManagerBeforeMethodInterceptor.attemptAuthorization(AuthorizationManagerBeforeMethodInterceptor.java:256)
	at org.springframework.security.authorization.method.AuthorizationManagerBeforeMethodInterceptor.invoke(AuthorizationManagerBeforeMethodInterceptor.java:197)
	at org.springframework.aop.framework.ReflectiveMethodInvocation.proceed(ReflectiveMethodInvocation.java:184)
	at org.springframework.aop.framework.CglibAopProxy$CglibMethodInvocation.proceed(CglibAopProxy.java:768)
	at org.springframework.aop.framework.CglibAopProxy$DynamicAdvisedInterceptor.intercept(CglibAopProxy.java:720)
	at com.team6.ecommercesystem.controller.ProductController$$SpringCGLIB$$0.getAll(<generated>)
	at java.base/jdk.internal.reflect.DirectMethodHandleAccessor.invoke(DirectMethodHandleAccessor.java:103)
	at java.base/java.lang.reflect.Method.invoke(Method.java:580)
	at org.springframework.web.method.support.InvocableHandlerMethod.doInvoke(InvocableHandlerMethod.java:255)
	at org.springframework.web.method.support.InvocableHandlerMethod.invokeForRequest(InvocableHandlerMethod.java:188)
	at org.springframework.web.servlet.mvc.method.annotation.ServletInvocableHandlerMethod.invokeAndHandle(ServletInvocableHandlerMethod.java:118)
	at org.springframework.web.servlet.mvc.method.annotation.RequestMappingHandlerAdapter.invokeHandlerMethod(RequestMappingHandlerAdapter.java:926)
	at org.springframework.web.servlet.mvc.method.annotation.RequestMappingHandlerAdapter.handleInternal(RequestMappingHandlerAdapter.java:831)
	at org.springframework.web.servlet.mvc.method.AbstractHandlerMethodAdapter.handle(AbstractHandlerMethodAdapter.java:87)
	at org.springframework.web.servlet.DispatcherServlet.doDispatch(DispatcherServlet.java:1089)
	at org.springframework.web.servlet.DispatcherServlet.doService(DispatcherServlet.java:979)
	at org.springframework.web.servlet.FrameworkServlet.processRequest(FrameworkServlet.java:1014)
	at org.springframework.web.servlet.FrameworkServlet.doGet(FrameworkServlet.java:903)
	at jakarta.servlet.http.HttpServlet.service(HttpServlet.java:564)
	at org.springframework.web.servlet.FrameworkServlet.service(FrameworkServlet.java:885)
	at jakarta.servlet.http.HttpServlet.service(HttpServlet.java:658)
	at org.apache.catalina.core.ApplicationFilterChain.internalDoFilter(ApplicationFilterChain.java:195)
	at org.apache.catalina.core.ApplicationFilterChain.doFilter(ApplicationFilterChain.java:140)
	at org.apache.tomcat.websocket.server.WsFilter.doFilter(WsFilter.java:51)
	at org.apache.catalina.core.ApplicationFilterChain.internalDoFilter(ApplicationFilterChain.java:164)
	at org.apache.catalina.core.ApplicationFilterChain.doFilter(ApplicationFilterChain.java:140)
	at org.springframework.web.filter.CompositeFilter$VirtualFilterChain.doFilter(CompositeFilter.java:108)
	at org.springframework.security.web.FilterChainProxy.lambda$doFilterInternal$3(FilterChainProxy.java:231)
	at org.springframework.security.web.FilterChainProxy$VirtualFilterChain.doFilter(FilterChainProxy.java:365)
	at org.springframework.security.web.access.intercept.AuthorizationFilter.doFilter(AuthorizationFilter.java:100)
	at org.springframework.security.web.FilterChainProxy$VirtualFilterChain.doFilter(FilterChainProxy.java:374)
	at org.springframework.security.web.access.ExceptionTranslationFilter.doFilter(ExceptionTranslationFilter.java:126)
	at org.springframework.security.web.access.ExceptionTranslationFilter.doFilter(ExceptionTranslationFilter.java:120)
	at org.springframework.security.web.FilterChainProxy$VirtualFilterChain.doFilter(FilterChainProxy.java:374)
	at org.springframework.security.web.authentication.AnonymousAuthenticationFilter.doFilter(AnonymousAuthenticationFilter.java:100)
	at org.springframework.security.web.FilterChainProxy$VirtualFilterChain.doFilter(FilterChainProxy.java:374)
	at org.springframework.security.web.servletapi.SecurityContextHolderAwareRequestFilter.doFilter(SecurityContextHolderAwareRequestFilter.java:179)
	at org.springframework.security.web.FilterChainProxy$VirtualFilterChain.doFilter(FilterChainProxy.java:374)
	at org.springframework.security.web.savedrequest.RequestCacheAwareFilter.doFilter(RequestCacheAwareFilter.java:63)
	at org.springframework.security.web.FilterChainProxy$VirtualFilterChain.doFilter(FilterChainProxy.java:374)
	at org.springframework.security.oauth2.server.resource.web.authentication.BearerTokenAuthenticationFilter.doFilterInternal(BearerTokenAuthenticationFilter.java:145)
	at org.springframework.web.filter.OncePerRequestFilter.doFilter(OncePerRequestFilter.java:116)
	at org.springframework.security.web.FilterChainProxy$VirtualFilterChain.doFilter(FilterChainProxy.java:374)
	at org.springframework.security.web.authentication.logout.LogoutFilter.doFilter(LogoutFilter.java:107)
	at org.springframework.security.web.authentication.logout.LogoutFilter.doFilter(LogoutFilter.java:93)
	at org.springframework.security.web.FilterChainProxy$VirtualFilterChain.doFilter(FilterChainProxy.java:374)
	at org.springframework.web.filter.CorsFilter.doFilterInternal(CorsFilter.java:91)
	at org.springframework.web.filter.OncePerRequestFilter.doFilter(OncePerRequestFilter.java:116)
	at org.springframework.security.web.FilterChainProxy$VirtualFilterChain.doFilter(FilterChainProxy.java:374)
	at org.springframework.security.web.header.HeaderWriterFilter.doHeadersAfter(HeaderWriterFilter.java:90)
	at org.springframework.security.web.header.HeaderWriterFilter.doFilterInternal(HeaderWriterFilter.java:75)
	at org.springframework.web.filter.OncePerRequestFilter.doFilter(OncePerRequestFilter.java:116)
	at org.springframework.security.web.FilterChainProxy$VirtualFilterChain.doFilter(FilterChainProxy.java:374)
	at org.springframework.security.web.context.SecurityContextHolderFilter.doFilter(SecurityContextHolderFilter.java:82)
	at org.springframework.security.web.context.SecurityContextHolderFilter.doFilter(SecurityContextHolderFilter.java:69)
	at org.springframework.security.web.FilterChainProxy$VirtualFilterChain.doFilter(FilterChainProxy.java:374)
	at org.springframework.security.web.context.request.async.WebAsyncManagerIntegrationFilter.doFilterInternal(WebAsyncManagerIntegrationFilter.java:62)
	at org.springframework.web.filter.OncePerRequestFilter.doFilter(OncePerRequestFilter.java:116)
	at org.springframework.security.web.FilterChainProxy$VirtualFilterChain.doFilter(FilterChainProxy.java:374)
	at org.springframework.security.web.session.DisableEncodeUrlFilter.doFilterInternal(DisableEncodeUrlFilter.java:42)
	at org.springframework.web.filter.OncePerRequestFilter.doFilter(OncePerRequestFilter.java:116)
	at org.springframework.security.web.FilterChainProxy$VirtualFilterChain.doFilter(FilterChainProxy.java:374)
	at org.springframework.security.web.FilterChainProxy.doFilterInternal(FilterChainProxy.java:233)
	at org.springframework.security.web.FilterChainProxy.doFilter(FilterChainProxy.java:191)
	at org.springframework.web.filter.CompositeFilter$VirtualFilterChain.doFilter(CompositeFilter.java:113)
	at org.springframework.web.servlet.handler.HandlerMappingIntrospector.lambda$createCacheFilter$3(HandlerMappingIntrospector.java:195)
	at org.springframework.web.filter.CompositeFilter$VirtualFilterChain.doFilter(CompositeFilter.java:113)
	at org.springframework.web.filter.CompositeFilter.doFilter(CompositeFilter.java:74)
	at org.springframework.security.config.annotation.web.configuration.WebMvcSecurityConfiguration$CompositeFilterChainProxy.doFilter(WebMvcSecurityConfiguration.java:230)
	at org.springframework.web.filter.DelegatingFilterProxy.invokeDelegate(DelegatingFilterProxy.java:352)
	at org.springframework.web.filter.DelegatingFilterProxy.doFilter(DelegatingFilterProxy.java:268)
	at org.apache.catalina.core.ApplicationFilterChain.internalDoFilter(ApplicationFilterChain.java:164)
	at org.apache.catalina.core.ApplicationFilterChain.doFilter(ApplicationFilterChain.java:140)
	at org.springframework.web.filter.RequestContextFilter.doFilterInternal(RequestContextFilter.java:100)
	at org.springframework.web.filter.OncePerRequestFilter.doFilter(OncePerRequestFilter.java:116)
	at org.apache.catalina.core.ApplicationFilterChain.internalDoFilter(ApplicationFilterChain.java:164)
	at org.apache.catalina.core.ApplicationFilterChain.doFilter(ApplicationFilterChain.java:140)
	at org.springframework.web.filter.FormContentFilter.doFilterInternal(FormContentFilter.java:93)
	at org.springframework.web.filter.OncePerRequestFilter.doFilter(OncePerRequestFilter.java:116)
	at org.apache.catalina.core.ApplicationFilterChain.internalDoFilter(ApplicationFilterChain.java:164)
	at org.apache.catalina.core.ApplicationFilterChain.doFilter(ApplicationFilterChain.java:140)
	at org.springframework.web.filter.CharacterEncodingFilter.doFilterInternal(CharacterEncodingFilter.java:201)
	at org.springframework.web.filter.OncePerRequestFilter.doFilter(OncePerRequestFilter.java:116)
	at org.apache.catalina.core.ApplicationFilterChain.internalDoFilter(ApplicationFilterChain.java:164)
	at org.apache.catalina.core.ApplicationFilterChain.doFilter(ApplicationFilterChain.java:140)
	at org.apache.catalina.core.StandardWrapperValve.invoke(StandardWrapperValve.java:167)
	at org.apache.catalina.core.StandardContextValve.invoke(StandardContextValve.java:90)
	at org.apache.catalina.authenticator.AuthenticatorBase.invoke(AuthenticatorBase.java:482)
	at org.apache.catalina.core.StandardHostValve.invoke(StandardHostValve.java:115)
	at org.apache.catalina.valves.ErrorReportValve.invoke(ErrorReportValve.java:93)
	at org.apache.catalina.core.StandardEngineValve.invoke(StandardEngineValve.java:74)
	at org.apache.catalina.connector.CoyoteAdapter.service(CoyoteAdapter.java:344)
	at org.apache.coyote.http11.Http11Processor.service(Http11Processor.java:389)
	at org.apache.coyote.AbstractProcessorLight.process(AbstractProcessorLight.java:63)
	at org.apache.coyote.AbstractProtocol$ConnectionHandler.process(AbstractProtocol.java:896)
	at org.apache.tomcat.util.net.NioEndpoint$SocketProcessor.doRun(NioEndpoint.java:1741)
	at org.apache.tomcat.util.net.SocketProcessorBase.run(SocketProcessorBase.java:52)
	at org.apache.tomcat.util.threads.ThreadPoolExecutor.runWorker(ThreadPoolExecutor.java:1190)
	at org.apache.tomcat.util.threads.ThreadPoolExecutor$Worker.run(ThreadPoolExecutor.java:659)
	at org.apache.tomcat.util.threads.TaskThread$WrappingRunnable.run(TaskThread.java:63)
	at java.base/java.lang.Thread.run(Thread.java:1583)
2026-06-15T23:52:34.783+07:00 DEBUG 24632 --- [SportSwearShopSystem] [nio-8080-exec-9] o.s.w.s.m.m.a.HttpEntityMethodProcessor  : Using 'application/json', given [*/*] and supported [application/json, application/*+json]
2026-06-15T23:52:34.784+07:00 DEBUG 24632 --- [SportSwearShopSystem] [nio-8080-exec-9] o.s.w.s.m.m.a.HttpEntityMethodProcessor  : Writing [ErrorResponse(status=500, error=Internal Server Error, message=Access Denied, timestamp=2026-06-15T2 (truncated)...]
2026-06-15T23:52:34.786+07:00 DEBUG 24632 --- [SportSwearShopSystem] [nio-8080-exec-9] .m.m.a.ExceptionHandlerExceptionResolver : Resolved [org.springframework.security.access.AccessDeniedException: Access Denied]
2026-06-15T23:52:34.787+07:00 DEBUG 24632 --- [SportSwearShopSystem] [nio-8080-exec-9] o.s.web.servlet.DispatcherServlet        : Completed 500 INTERNAL_SERVER_ERROR
2026-06-15T23:52:38.536+07:00 DEBUG 24632 --- [SportSwearShopSystem] [io-8080-exec-10] o.s.web.servlet.DispatcherServlet        : GET "/api/admin/products", parameters={}
2026-06-15T23:52:38.537+07:00 DEBUG 24632 --- [SportSwearShopSystem] [io-8080-exec-10] s.w.s.m.m.a.RequestMappingHandlerMapping : Mapped to com.team6.ecommercesystem.controller.ProductController#getAll()
2026-06-15T23:52:38.540+07:00 DEBUG 24632 --- [SportSwearShopSystem] [io-8080-exec-10] .m.m.a.ExceptionHandlerExceptionResolver : Using @ExceptionHandler com.team6.ecommercesystem.utils.GlobalExceptionHandler#handleException(Exception)
org.springframework.security.access.AccessDeniedException: Access Denied
	at org.springframework.security.authorization.method.AuthorizationManagerBeforeMethodInterceptor.attemptAuthorization(AuthorizationManagerBeforeMethodInterceptor.java:256)
	at org.springframework.security.authorization.method.AuthorizationManagerBeforeMethodInterceptor.invoke(AuthorizationManagerBeforeMethodInterceptor.java:197)
	at org.springframework.aop.framework.ReflectiveMethodInvocation.proceed(ReflectiveMethodInvocation.java:184)
	at org.springframework.aop.framework.CglibAopProxy$CglibMethodInvocation.proceed(CglibAopProxy.java:768)
	at org.springframework.aop.framework.CglibAopProxy$DynamicAdvisedInterceptor.intercept(CglibAopProxy.java:720)
	at com.team6.ecommercesystem.controller.ProductController$$SpringCGLIB$$0.getAll(<generated>)
	at java.base/jdk.internal.reflect.DirectMethodHandleAccessor.invoke(DirectMethodHandleAccessor.java:103)
	at java.base/java.lang.reflect.Method.invoke(Method.java:580)
	at org.springframework.web.method.support.InvocableHandlerMethod.doInvoke(InvocableHandlerMethod.java:255)
	at org.springframework.web.method.support.InvocableHandlerMethod.invokeForRequest(InvocableHandlerMethod.java:188)
	at org.springframework.web.servlet.mvc.method.annotation.ServletInvocableHandlerMethod.invokeAndHandle(ServletInvocableHandlerMethod.java:118)
	at org.springframework.web.servlet.mvc.method.annotation.RequestMappingHandlerAdapter.invokeHandlerMethod(RequestMappingHandlerAdapter.java:926)
	at org.springframework.web.servlet.mvc.method.annotation.RequestMappingHandlerAdapter.handleInternal(RequestMappingHandlerAdapter.java:831)
	at org.springframework.web.servlet.mvc.method.AbstractHandlerMethodAdapter.handle(AbstractHandlerMethodAdapter.java:87)
	at org.springframework.web.servlet.DispatcherServlet.doDispatch(DispatcherServlet.java:1089)
	at org.springframework.web.servlet.DispatcherServlet.doService(DispatcherServlet.java:979)
	at org.springframework.web.servlet.FrameworkServlet.processRequest(FrameworkServlet.java:1014)
	at org.springframework.web.servlet.FrameworkServlet.doGet(FrameworkServlet.java:903)
	at jakarta.servlet.http.HttpServlet.service(HttpServlet.java:564)
	at org.springframework.web.servlet.FrameworkServlet.service(FrameworkServlet.java:885)
	at jakarta.servlet.http.HttpServlet.service(HttpServlet.java:658)
	at org.apache.catalina.core.ApplicationFilterChain.internalDoFilter(ApplicationFilterChain.java:195)
	at org.apache.catalina.core.ApplicationFilterChain.doFilter(ApplicationFilterChain.java:140)
	at org.apache.tomcat.websocket.server.WsFilter.doFilter(WsFilter.java:51)
	at org.apache.catalina.core.ApplicationFilterChain.internalDoFilter(ApplicationFilterChain.java:164)
	at org.apache.catalina.core.ApplicationFilterChain.doFilter(ApplicationFilterChain.java:140)
	at org.springframework.web.filter.CompositeFilter$VirtualFilterChain.doFilter(CompositeFilter.java:108)
	at org.springframework.security.web.FilterChainProxy.lambda$doFilterInternal$3(FilterChainProxy.java:231)
	at org.springframework.security.web.FilterChainProxy$VirtualFilterChain.doFilter(FilterChainProxy.java:365)
	at org.springframework.security.web.access.intercept.AuthorizationFilter.doFilter(AuthorizationFilter.java:100)
	at org.springframework.security.web.FilterChainProxy$VirtualFilterChain.doFilter(FilterChainProxy.java:374)
	at org.springframework.security.web.access.ExceptionTranslationFilter.doFilter(ExceptionTranslationFilter.java:126)
	at org.springframework.security.web.access.ExceptionTranslationFilter.doFilter(ExceptionTranslationFilter.java:120)
	at org.springframework.security.web.FilterChainProxy$VirtualFilterChain.doFilter(FilterChainProxy.java:374)
	at org.springframework.security.web.authentication.AnonymousAuthenticationFilter.doFilter(AnonymousAuthenticationFilter.java:100)
	at org.springframework.security.web.FilterChainProxy$VirtualFilterChain.doFilter(FilterChainProxy.java:374)
	at org.springframework.security.web.servletapi.SecurityContextHolderAwareRequestFilter.doFilter(SecurityContextHolderAwareRequestFilter.java:179)
	at org.springframework.security.web.FilterChainProxy$VirtualFilterChain.doFilter(FilterChainProxy.java:374)
	at org.springframework.security.web.savedrequest.RequestCacheAwareFilter.doFilter(RequestCacheAwareFilter.java:63)
	at org.springframework.security.web.FilterChainProxy$VirtualFilterChain.doFilter(FilterChainProxy.java:374)
	at org.springframework.security.oauth2.server.resource.web.authentication.BearerTokenAuthenticationFilter.doFilterInternal(BearerTokenAuthenticationFilter.java:145)
	at org.springframework.web.filter.OncePerRequestFilter.doFilter(OncePerRequestFilter.java:116)
	at org.springframework.security.web.FilterChainProxy$VirtualFilterChain.doFilter(FilterChainProxy.java:374)
	at org.springframework.security.web.authentication.logout.LogoutFilter.doFilter(LogoutFilter.java:107)
	at org.springframework.security.web.authentication.logout.LogoutFilter.doFilter(LogoutFilter.java:93)
	at org.springframework.security.web.FilterChainProxy$VirtualFilterChain.doFilter(FilterChainProxy.java:374)
	at org.springframework.web.filter.CorsFilter.doFilterInternal(CorsFilter.java:91)
	at org.springframework.web.filter.OncePerRequestFilter.doFilter(OncePerRequestFilter.java:116)
	at org.springframework.security.web.FilterChainProxy$VirtualFilterChain.doFilter(FilterChainProxy.java:374)
	at org.springframework.security.web.header.HeaderWriterFilter.doHeadersAfter(HeaderWriterFilter.java:90)
	at org.springframework.security.web.header.HeaderWriterFilter.doFilterInternal(HeaderWriterFilter.java:75)
	at org.springframework.web.filter.OncePerRequestFilter.doFilter(OncePerRequestFilter.java:116)
	at org.springframework.security.web.FilterChainProxy$VirtualFilterChain.doFilter(FilterChainProxy.java:374)
	at org.springframework.security.web.context.SecurityContextHolderFilter.doFilter(SecurityContextHolderFilter.java:82)
	at org.springframework.security.web.context.SecurityContextHolderFilter.doFilter(SecurityContextHolderFilter.java:69)
	at org.springframework.security.web.FilterChainProxy$VirtualFilterChain.doFilter(FilterChainProxy.java:374)
	at org.springframework.security.web.context.request.async.WebAsyncManagerIntegrationFilter.doFilterInternal(WebAsyncManagerIntegrationFilter.java:62)
	at org.springframework.web.filter.OncePerRequestFilter.doFilter(OncePerRequestFilter.java:116)
	at org.springframework.security.web.FilterChainProxy$VirtualFilterChain.doFilter(FilterChainProxy.java:374)
	at org.springframework.security.web.session.DisableEncodeUrlFilter.doFilterInternal(DisableEncodeUrlFilter.java:42)
	at org.springframework.web.filter.OncePerRequestFilter.doFilter(OncePerRequestFilter.java:116)
	at org.springframework.security.web.FilterChainProxy$VirtualFilterChain.doFilter(FilterChainProxy.java:374)
	at org.springframework.security.web.FilterChainProxy.doFilterInternal(FilterChainProxy.java:233)
	at org.springframework.security.web.FilterChainProxy.doFilter(FilterChainProxy.java:191)
	at org.springframework.web.filter.CompositeFilter$VirtualFilterChain.doFilter(CompositeFilter.java:113)
	at org.springframework.web.servlet.handler.HandlerMappingIntrospector.lambda$createCacheFilter$3(HandlerMappingIntrospector.java:195)
	at org.springframework.web.filter.CompositeFilter$VirtualFilterChain.doFilter(CompositeFilter.java:113)
	at org.springframework.web.filter.CompositeFilter.doFilter(CompositeFilter.java:74)
	at org.springframework.security.config.annotation.web.configuration.WebMvcSecurityConfiguration$CompositeFilterChainProxy.doFilter(WebMvcSecurityConfiguration.java:230)
	at org.springframework.web.filter.DelegatingFilterProxy.invokeDelegate(DelegatingFilterProxy.java:352)
	at org.springframework.web.filter.DelegatingFilterProxy.doFilter(DelegatingFilterProxy.java:268)
	at org.apache.catalina.core.ApplicationFilterChain.internalDoFilter(ApplicationFilterChain.java:164)
	at org.apache.catalina.core.ApplicationFilterChain.doFilter(ApplicationFilterChain.java:140)
	at org.springframework.web.filter.RequestContextFilter.doFilterInternal(RequestContextFilter.java:100)
	at org.springframework.web.filter.OncePerRequestFilter.doFilter(OncePerRequestFilter.java:116)
	at org.apache.catalina.core.ApplicationFilterChain.internalDoFilter(ApplicationFilterChain.java:164)
	at org.apache.catalina.core.ApplicationFilterChain.doFilter(ApplicationFilterChain.java:140)
	at org.springframework.web.filter.FormContentFilter.doFilterInternal(FormContentFilter.java:93)
	at org.springframework.web.filter.OncePerRequestFilter.doFilter(OncePerRequestFilter.java:116)
	at org.apache.catalina.core.ApplicationFilterChain.internalDoFilter(ApplicationFilterChain.java:164)
	at org.apache.catalina.core.ApplicationFilterChain.doFilter(ApplicationFilterChain.java:140)
	at org.springframework.web.filter.CharacterEncodingFilter.doFilterInternal(CharacterEncodingFilter.java:201)
	at org.springframework.web.filter.OncePerRequestFilter.doFilter(OncePerRequestFilter.java:116)
	at org.apache.catalina.core.ApplicationFilterChain.internalDoFilter(ApplicationFilterChain.java:164)
	at org.apache.catalina.core.ApplicationFilterChain.doFilter(ApplicationFilterChain.java:140)
	at org.apache.catalina.core.StandardWrapperValve.invoke(StandardWrapperValve.java:167)
	at org.apache.catalina.core.StandardContextValve.invoke(StandardContextValve.java:90)
	at org.apache.catalina.authenticator.AuthenticatorBase.invoke(AuthenticatorBase.java:482)
	at org.apache.catalina.core.StandardHostValve.invoke(StandardHostValve.java:115)
	at org.apache.catalina.valves.ErrorReportValve.invoke(ErrorReportValve.java:93)
	at org.apache.catalina.core.StandardEngineValve.invoke(StandardEngineValve.java:74)
	at org.apache.catalina.connector.CoyoteAdapter.service(CoyoteAdapter.java:344)
	at org.apache.coyote.http11.Http11Processor.service(Http11Processor.java:389)
	at org.apache.coyote.AbstractProcessorLight.process(AbstractProcessorLight.java:63)
	at org.apache.coyote.AbstractProtocol$ConnectionHandler.process(AbstractProtocol.java:896)
	at org.apache.tomcat.util.net.NioEndpoint$SocketProcessor.doRun(NioEndpoint.java:1741)
	at org.apache.tomcat.util.net.SocketProcessorBase.run(SocketProcessorBase.java:52)
	at org.apache.tomcat.util.threads.ThreadPoolExecutor.runWorker(ThreadPoolExecutor.java:1190)
	at org.apache.tomcat.util.threads.ThreadPoolExecutor$Worker.run(ThreadPoolExecutor.java:659)
	at org.apache.tomcat.util.threads.TaskThread$WrappingRunnable.run(TaskThread.java:63)
	at java.base/java.lang.Thread.run(Thread.java:1583)
2026-06-15T23:52:38.590+07:00 DEBUG 24632 --- [SportSwearShopSystem] [io-8080-exec-10] o.s.w.s.m.m.a.HttpEntityMethodProcessor  : Using 'application/json', given [*/*] and supported [application/json, application/*+json]
2026-06-15T23:52:38.591+07:00 DEBUG 24632 --- [SportSwearShopSystem] [io-8080-exec-10] o.s.w.s.m.m.a.HttpEntityMethodProcessor  : Writing [ErrorResponse(status=500, error=Internal Server Error, message=Access Denied, timestamp=2026-06-15T2 (truncated)...]
2026-06-15T23:52:38.592+07:00 DEBUG 24632 --- [SportSwearShopSystem] [io-8080-exec-10] .m.m.a.ExceptionHandlerExceptionResolver : Resolved [org.springframework.security.access.AccessDeniedException: Access Denied]
2026-06-15T23:52:38.593+07:00 DEBUG 24632 --- [SportSwearShopSystem] [io-8080-exec-10] o.s.web.servlet.DispatcherServlet        : Completed 500 INTERNAL_SERVER_ERROR
2026-06-15T23:52:52.507+07:00 DEBUG 24632 --- [SportSwearShopSystem] [nio-8080-exec-1] o.s.web.servlet.DispatcherServlet        : GET "/api/admin/users", parameters={}
2026-06-15T23:52:52.507+07:00 DEBUG 24632 --- [SportSwearShopSystem] [nio-8080-exec-2] o.s.web.servlet.DispatcherServlet        : GET "/api/admin/products", parameters={}
2026-06-15T23:52:52.530+07:00 DEBUG 24632 --- [SportSwearShopSystem] [nio-8080-exec-1] s.w.s.m.m.a.RequestMappingHandlerMapping : Mapped to com.team6.ecommercesystem.controller.UserController#getAllUsers()
2026-06-15T23:52:52.641+07:00 DEBUG 24632 --- [SportSwearShopSystem] [nio-8080-exec-2] s.w.s.m.m.a.RequestMappingHandlerMapping : Mapped to com.team6.ecommercesystem.controller.ProductController#getAll()
2026-06-15T23:52:52.686+07:00 DEBUG 24632 --- [SportSwearShopSystem] [nio-8080-exec-2] .m.m.a.ExceptionHandlerExceptionResolver : Using @ExceptionHandler com.team6.ecommercesystem.utils.GlobalExceptionHandler#handleException(Exception)
org.springframework.security.access.AccessDeniedException: Access Denied
	at org.springframework.security.authorization.method.AuthorizationManagerBeforeMethodInterceptor.attemptAuthorization(AuthorizationManagerBeforeMethodInterceptor.java:256)
	at org.springframework.security.authorization.method.AuthorizationManagerBeforeMethodInterceptor.invoke(AuthorizationManagerBeforeMethodInterceptor.java:197)
	at org.springframework.aop.framework.ReflectiveMethodInvocation.proceed(ReflectiveMethodInvocation.java:184)
2026-06-15T23:52:53.027+07:00 DEBUG 24632 --- [SportSwearShopSystem] [nio-8080-exec-1] .m.m.a.ExceptionHandlerExceptionResolver : Using @ExceptionHandler com.team6.ecommercesystem.utils.GlobalExceptionHandler#handleException(Exception)
	at org.springframework.aop.framework.CglibAopProxy$CglibMethodInvocation.proceed(CglibAopProxy.java:768)
	at org.springframework.aop.framework.CglibAopProxy$DynamicAdvisedInterceptor.intercept(CglibAopProxy.java:720)
	at com.team6.ecommercesystem.controller.ProductController$$SpringCGLIB$$0.getAll(<generated>)
	at java.base/jdk.internal.reflect.DirectMethodHandleAccessor.invoke(DirectMethodHandleAccessor.java:103)
	at java.base/java.lang.reflect.Method.invoke(Method.java:580)
	at org.springframework.web.method.support.InvocableHandlerMethod.doInvoke(InvocableHandlerMethod.java:255)
	at org.springframework.web.method.support.InvocableHandlerMethod.invokeForRequest(InvocableHandlerMethod.java:188)
	at org.springframework.web.servlet.mvc.method.annotation.ServletInvocableHandlerMethod.invokeAndHandle(ServletInvocableHandlerMethod.java:118)
	at org.springframework.web.servlet.mvc.method.annotation.RequestMappingHandlerAdapter.invokeHandlerMethod(RequestMappingHandlerAdapter.java:926)
	at org.springframework.web.servlet.mvc.method.annotation.RequestMappingHandlerAdapter.handleInternal(RequestMappingHandlerAdapter.java:831)
	at org.springframework.web.servlet.mvc.method.AbstractHandlerMethodAdapter.handle(AbstractHandlerMethodAdapter.java:87)
	at org.springframework.web.servlet.DispatcherServlet.doDispatch(DispatcherServlet.java:1089)
	at org.springframework.web.servlet.DispatcherServlet.doService(DispatcherServlet.java:979)
	at org.springframework.web.servlet.FrameworkServlet.processRequest(FrameworkServlet.java:1014)
	at org.springframework.web.servlet.FrameworkServlet.doGet(FrameworkServlet.java:903)
	at jakarta.servlet.http.HttpServlet.service(HttpServlet.java:564)
	at org.springframework.web.servlet.FrameworkServlet.service(FrameworkServlet.java:885)
	at jakarta.servlet.http.HttpServlet.service(HttpServlet.java:658)
	at org.apache.catalina.core.ApplicationFilterChain.internalDoFilter(ApplicationFilterChain.java:195)
	at org.apache.catalina.core.ApplicationFilterChain.doFilter(ApplicationFilterChain.java:140)
	at org.apache.tomcat.websocket.server.WsFilter.doFilter(WsFilter.java:51)
	at org.apache.catalina.core.ApplicationFilterChain.internalDoFilter(ApplicationFilterChain.java:164)
	at org.apache.catalina.core.ApplicationFilterChain.doFilter(ApplicationFilterChain.java:140)
	at org.springframework.web.filter.CompositeFilter$VirtualFilterChain.doFilter(CompositeFilter.java:108)
	at org.springframework.security.web.FilterChainProxy.lambda$doFilterInternal$3(FilterChainProxy.java:231)
	at org.springframework.security.web.FilterChainProxy$VirtualFilterChain.doFilter(FilterChainProxy.java:365)
	at org.springframework.security.web.access.intercept.AuthorizationFilter.doFilter(AuthorizationFilter.java:100)
	at org.springframework.security.web.FilterChainProxy$VirtualFilterChain.doFilter(FilterChainProxy.java:374)
	at org.springframework.security.web.access.ExceptionTranslationFilter.doFilter(ExceptionTranslationFilter.java:126)
	at org.springframework.security.web.access.ExceptionTranslationFilter.doFilter(ExceptionTranslationFilter.java:120)
	at org.springframework.security.web.FilterChainProxy$VirtualFilterChain.doFilter(FilterChainProxy.java:374)
	at org.springframework.security.web.authentication.AnonymousAuthenticationFilter.doFilter(AnonymousAuthenticationFilter.java:100)
	at org.springframework.security.web.FilterChainProxy$VirtualFilterChain.doFilter(FilterChainProxy.java:374)
	at org.springframework.security.web.servletapi.SecurityContextHolderAwareRequestFilter.doFilter(SecurityContextHolderAwareRequestFilter.java:179)
	at org.springframework.security.web.FilterChainProxy$VirtualFilterChain.doFilter(FilterChainProxy.java:374)
	at org.springframework.security.web.savedrequest.RequestCacheAwareFilter.doFilter(RequestCacheAwareFilter.java:63)
	at org.springframework.security.web.FilterChainProxy$VirtualFilterChain.doFilter(FilterChainProxy.java:374)
	at org.springframework.security.oauth2.server.resource.web.authentication.BearerTokenAuthenticationFilter.doFilterInternal(BearerTokenAuthenticationFilter.java:145)
	at org.springframework.web.filter.OncePerRequestFilter.doFilter(OncePerRequestFilter.java:116)
	at org.springframework.security.web.FilterChainProxy$VirtualFilterChain.doFilter(FilterChainProxy.java:374)
	at org.springframework.security.web.authentication.logout.LogoutFilter.doFilter(LogoutFilter.java:107)
	at org.springframework.security.web.authentication.logout.LogoutFilter.doFilter(LogoutFilter.java:93)
	at org.springframework.security.web.FilterChainProxy$VirtualFilterChain.doFilter(FilterChainProxy.java:374)
	at org.springframework.web.filter.CorsFilter.doFilterInternal(CorsFilter.java:91)
	at org.springframework.web.filter.OncePerRequestFilter.doFilter(OncePerRequestFilter.java:116)
	at org.springframework.security.web.FilterChainProxy$VirtualFilterChain.doFilter(FilterChainProxy.java:374)
	at org.springframework.security.web.header.HeaderWriterFilter.doHeadersAfter(HeaderWriterFilter.java:90)
	at org.springframework.security.web.header.HeaderWriterFilter.doFilterInternal(HeaderWriterFilter.java:75)
	at org.springframework.web.filter.OncePerRequestFilter.doFilter(OncePerRequestFilter.java:116)
	at org.springframework.security.web.FilterChainProxy$VirtualFilterChain.doFilter(FilterChainProxy.java:374)
	at org.springframework.security.web.context.SecurityContextHolderFilter.doFilter(SecurityContextHolderFilter.java:82)
	at org.springframework.security.web.context.SecurityContextHolderFilter.doFilter(SecurityContextHolderFilter.java:69)
	at org.springframework.security.web.FilterChainProxy$VirtualFilterChain.doFilter(FilterChainProxy.java:374)
	at org.springframework.security.web.context.request.async.WebAsyncManagerIntegrationFilter.doFilterInternal(WebAsyncManagerIntegrationFilter.java:62)
	at org.springframework.web.filter.OncePerRequestFilter.doFilter(OncePerRequestFilter.java:116)
	at org.springframework.security.web.FilterChainProxy$VirtualFilterChain.doFilter(FilterChainProxy.java:374)
	at org.springframework.security.web.session.DisableEncodeUrlFilter.doFilterInternal(DisableEncodeUrlFilter.java:42)
	at org.springframework.web.filter.OncePerRequestFilter.doFilter(OncePerRequestFilter.java:116)
	at org.springframework.security.web.FilterChainProxy$VirtualFilterChain.doFilter(FilterChainProxy.java:374)
	at org.springframework.security.web.FilterChainProxy.doFilterInternal(FilterChainProxy.java:233)
	at org.springframework.security.web.FilterChainProxy.doFilter(FilterChainProxy.java:191)
	at org.springframework.web.filter.CompositeFilter$VirtualFilterChain.doFilter(CompositeFilter.java:113)
	at org.springframework.web.servlet.handler.HandlerMappingIntrospector.lambda$createCacheFilter$3(HandlerMappingIntrospector.java:195)
	at org.springframework.web.filter.CompositeFilter$VirtualFilterChain.doFilter(CompositeFilter.java:113)
	at org.springframework.web.filter.CompositeFilter.doFilter(CompositeFilter.java:74)
	at org.springframework.security.config.annotation.web.configuration.WebMvcSecurityConfiguration$CompositeFilterChainProxy.doFilter(WebMvcSecurityConfiguration.java:230)
	at org.springframework.web.filter.DelegatingFilterProxy.invokeDelegate(DelegatingFilterProxy.java:352)
	at org.springframework.web.filter.DelegatingFilterProxy.doFilter(DelegatingFilterProxy.java:268)
	at org.apache.catalina.core.ApplicationFilterChain.internalDoFilter(ApplicationFilterChain.java:164)
	at org.apache.catalina.core.ApplicationFilterChain.doFilter(ApplicationFilterChain.java:140)
	at org.springframework.web.filter.RequestContextFilter.doFilterInternal(RequestContextFilter.java:100)
	at org.springframework.web.filter.OncePerRequestFilter.doFilter(OncePerRequestFilter.java:116)
	at org.apache.catalina.core.ApplicationFilterChain.internalDoFilter(ApplicationFilterChain.java:164)
	at org.apache.catalina.core.ApplicationFilterChain.doFilter(ApplicationFilterChain.java:140)
	at org.springframework.web.filter.FormContentFilter.doFilterInternal(FormContentFilter.java:93)
	at org.springframework.web.filter.OncePerRequestFilter.doFilter(OncePerRequestFilter.java:116)
	at org.apache.catalina.core.ApplicationFilterChain.internalDoFilter(ApplicationFilterChain.java:164)
	at org.apache.catalina.core.ApplicationFilterChain.doFilter(ApplicationFilterChain.java:140)
	at org.springframework.web.filter.CharacterEncodingFilter.doFilterInternal(CharacterEncodingFilter.java:201)
	at org.springframework.web.filter.OncePerRequestFilter.doFilter(OncePerRequestFilter.java:116)
	at org.apache.catalina.core.ApplicationFilterChain.internalDoFilter(ApplicationFilterChain.java:164)
	at org.apache.catalina.core.ApplicationFilterChain.doFilter(ApplicationFilterChain.java:140)
	at org.apache.catalina.core.StandardWrapperValve.invoke(StandardWrapperValve.java:167)
	at org.apache.catalina.core.StandardContextValve.invoke(StandardContextValve.java:90)
	at org.apache.catalina.authenticator.AuthenticatorBase.invoke(AuthenticatorBase.java:482)
	at org.apache.catalina.core.StandardHostValve.invoke(StandardHostValve.java:115)
	at org.apache.catalina.valves.ErrorReportValve.invoke(ErrorReportValve.java:93)
	at org.apache.catalina.core.StandardEngineValve.invoke(StandardEngineValve.java:74)
	at org.apache.catalina.connector.CoyoteAdapter.service(CoyoteAdapter.java:344)
	at org.apache.coyote.http11.Http11Processor.service(Http11Processor.java:389)
	at org.apache.coyote.AbstractProcessorLight.process(AbstractProcessorLight.java:63)
	at org.apache.coyote.AbstractProtocol$ConnectionHandler.process(AbstractProtocol.java:896)
	at org.apache.tomcat.util.net.NioEndpoint$SocketProcessor.doRun(NioEndpoint.java:1741)
	at org.apache.tomcat.util.net.SocketProcessorBase.run(SocketProcessorBase.java:52)
	at org.apache.tomcat.util.threads.ThreadPoolExecutor.runWorker(ThreadPoolExecutor.java:1190)
	at org.apache.tomcat.util.threads.ThreadPoolExecutor$Worker.run(ThreadPoolExecutor.java:659)
	at org.apache.tomcat.util.threads.TaskThread$WrappingRunnable.run(TaskThread.java:63)
	at java.base/java.lang.Thread.run(Thread.java:1583)
org.springframework.security.access.AccessDeniedException: Access Denied
	at org.springframework.security.authorization.method.AuthorizationManagerBeforeMethodInterceptor.attemptAuthorization(AuthorizationManagerBeforeMethodInterceptor.java:256)
	at org.springframework.security.authorization.method.AuthorizationManagerBeforeMethodInterceptor.invoke(AuthorizationManagerBeforeMethodInterceptor.java:197)
	at org.springframework.aop.framework.ReflectiveMethodInvocation.proceed(ReflectiveMethodInvocation.java:184)
	at org.springframework.aop.framework.CglibAopProxy$CglibMethodInvocation.proceed(CglibAopProxy.java:768)
	at org.springframework.aop.framework.CglibAopProxy$DynamicAdvisedInterceptor.intercept(CglibAopProxy.java:720)
	at com.team6.ecommercesystem.controller.UserController$$SpringCGLIB$$0.getAllUsers(<generated>)
	at java.base/jdk.internal.reflect.DirectMethodHandleAccessor.invoke(DirectMethodHandleAccessor.java:103)
	at java.base/java.lang.reflect.Method.invoke(Method.java:580)
	at org.springframework.web.method.support.InvocableHandlerMethod.doInvoke(InvocableHandlerMethod.java:255)
	at org.springframework.web.method.support.InvocableHandlerMethod.invokeForRequest(InvocableHandlerMethod.java:188)
	at org.springframework.web.servlet.mvc.method.annotation.ServletInvocableHandlerMethod.invokeAndHandle(ServletInvocableHandlerMethod.java:118)
	at org.springframework.web.servlet.mvc.method.annotation.RequestMappingHandlerAdapter.invokeHandlerMethod(RequestMappingHandlerAdapter.java:926)
	at org.springframework.web.servlet.mvc.method.annotation.RequestMappingHandlerAdapter.handleInternal(RequestMappingHandlerAdapter.java:831)
	at org.springframework.web.servlet.mvc.method.AbstractHandlerMethodAdapter.handle(AbstractHandlerMethodAdapter.java:87)
	at org.springframework.web.servlet.DispatcherServlet.doDispatch(DispatcherServlet.java:1089)
	at org.springframework.web.servlet.DispatcherServlet.doService(DispatcherServlet.java:979)
	at org.springframework.web.servlet.FrameworkServlet.processRequest(FrameworkServlet.java:1014)
	at org.springframework.web.servlet.FrameworkServlet.doGet(FrameworkServlet.java:903)
	at jakarta.servlet.http.HttpServlet.service(HttpServlet.java:564)
	at org.springframework.web.servlet.FrameworkServlet.service(FrameworkServlet.java:885)
	at jakarta.servlet.http.HttpServlet.service(HttpServlet.java:658)
	at org.apache.catalina.core.ApplicationFilterChain.internalDoFilter(ApplicationFilterChain.java:195)
	at org.apache.catalina.core.ApplicationFilterChain.doFilter(ApplicationFilterChain.java:140)
	at org.apache.tomcat.websocket.server.WsFilter.doFilter(WsFilter.java:51)
	at org.apache.catalina.core.ApplicationFilterChain.internalDoFilter(ApplicationFilterChain.java:164)
	at org.apache.catalina.core.ApplicationFilterChain.doFilter(ApplicationFilterChain.java:140)
2026-06-15T23:52:53.643+07:00 DEBUG 24632 --- [SportSwearShopSystem] [nio-8080-exec-2] o.s.w.s.m.m.a.HttpEntityMethodProcessor  : Using 'application/json', given [*/*] and supported [application/json, application/*+json]
	at org.springframework.web.filter.CompositeFilter$VirtualFilterChain.doFilter(CompositeFilter.java:108)
	at org.springframework.security.web.FilterChainProxy.lambda$doFilterInternal$3(FilterChainProxy.java:231)
	at org.springframework.security.web.FilterChainProxy$VirtualFilterChain.doFilter(FilterChainProxy.java:365)
	at org.springframework.security.web.access.intercept.AuthorizationFilter.doFilter(AuthorizationFilter.java:100)
	at org.springframework.security.web.FilterChainProxy$VirtualFilterChain.doFilter(FilterChainProxy.java:374)
	at org.springframework.security.web.access.ExceptionTranslationFilter.doFilter(ExceptionTranslationFilter.java:126)
	at org.springframework.security.web.access.ExceptionTranslationFilter.doFilter(ExceptionTranslationFilter.java:120)
	at org.springframework.security.web.FilterChainProxy$VirtualFilterChain.doFilter(FilterChainProxy.java:374)
2026-06-15T23:52:53.675+07:00 DEBUG 24632 --- [SportSwearShopSystem] [nio-8080-exec-2] o.s.w.s.m.m.a.HttpEntityMethodProcessor  : Writing [ErrorResponse(status=500, error=Internal Server Error, message=Access Denied, timestamp=2026-06-15T2 (truncated)...]
	at org.springframework.security.web.authentication.AnonymousAuthenticationFilter.doFilter(AnonymousAuthenticationFilter.java:100)
	at org.springframework.security.web.FilterChainProxy$VirtualFilterChain.doFilter(FilterChainProxy.java:374)
	at org.springframework.security.web.servletapi.SecurityContextHolderAwareRequestFilter.doFilter(SecurityContextHolderAwareRequestFilter.java:179)
	at org.springframework.security.web.FilterChainProxy$VirtualFilterChain.doFilter(FilterChainProxy.java:374)
	at org.springframework.security.web.savedrequest.RequestCacheAwareFilter.doFilter(RequestCacheAwareFilter.java:63)
	at org.springframework.security.web.FilterChainProxy$VirtualFilterChain.doFilter(FilterChainProxy.java:374)
	at org.springframework.security.oauth2.server.resource.web.authentication.BearerTokenAuthenticationFilter.doFilterInternal(BearerTokenAuthenticationFilter.java:145)
	at org.springframework.web.filter.OncePerRequestFilter.doFilter(OncePerRequestFilter.java:116)
	at org.springframework.security.web.FilterChainProxy$VirtualFilterChain.doFilter(FilterChainProxy.java:374)
	at org.springframework.security.web.authentication.logout.LogoutFilter.doFilter(LogoutFilter.java:107)
	at org.springframework.security.web.authentication.logout.LogoutFilter.doFilter(LogoutFilter.java:93)
	at org.springframework.security.web.FilterChainProxy$VirtualFilterChain.doFilter(FilterChainProxy.java:374)
	at org.springframework.web.filter.CorsFilter.doFilterInternal(CorsFilter.java:91)
	at org.springframework.web.filter.OncePerRequestFilter.doFilter(OncePerRequestFilter.java:116)
	at org.springframework.security.web.FilterChainProxy$VirtualFilterChain.doFilter(FilterChainProxy.java:374)
	at org.springframework.security.web.header.HeaderWriterFilter.doHeadersAfter(HeaderWriterFilter.java:90)
	at org.springframework.security.web.header.HeaderWriterFilter.doFilterInternal(HeaderWriterFilter.java:75)
	at org.springframework.web.filter.OncePerRequestFilter.doFilter(OncePerRequestFilter.java:116)
	at org.springframework.security.web.FilterChainProxy$VirtualFilterChain.doFilter(FilterChainProxy.java:374)
	at org.springframework.security.web.context.SecurityContextHolderFilter.doFilter(SecurityContextHolderFilter.java:82)
	at org.springframework.security.web.context.SecurityContextHolderFilter.doFilter(SecurityContextHolderFilter.java:69)
	at org.springframework.security.web.FilterChainProxy$VirtualFilterChain.doFilter(FilterChainProxy.java:374)
	at org.springframework.security.web.context.request.async.WebAsyncManagerIntegrationFilter.doFilterInternal(WebAsyncManagerIntegrationFilter.java:62)
	at org.springframework.web.filter.OncePerRequestFilter.doFilter(OncePerRequestFilter.java:116)
	at org.springframework.security.web.FilterChainProxy$VirtualFilterChain.doFilter(FilterChainProxy.java:374)
	at org.springframework.security.web.session.DisableEncodeUrlFilter.doFilterInternal(DisableEncodeUrlFilter.java:42)
	at org.springframework.web.filter.OncePerRequestFilter.doFilter(OncePerRequestFilter.java:116)
	at org.springframework.security.web.FilterChainProxy$VirtualFilterChain.doFilter(FilterChainProxy.java:374)
	at org.springframework.security.web.FilterChainProxy.doFilterInternal(FilterChainProxy.java:233)
	at org.springframework.security.web.FilterChainProxy.doFilter(FilterChainProxy.java:191)
	at org.springframework.web.filter.CompositeFilter$VirtualFilterChain.doFilter(CompositeFilter.java:113)
	at org.springframework.web.servlet.handler.HandlerMappingIntrospector.lambda$createCacheFilter$3(HandlerMappingIntrospector.java:195)
2026-06-15T23:52:53.851+07:00 DEBUG 24632 --- [SportSwearShopSystem] [nio-8080-exec-2] .m.m.a.ExceptionHandlerExceptionResolver : Resolved [org.springframework.security.access.AccessDeniedException: Access Denied]
	at org.springframework.web.filter.CompositeFilter$VirtualFilterChain.doFilter(CompositeFilter.java:113)
	at org.springframework.web.filter.CompositeFilter.doFilter(CompositeFilter.java:74)
	at org.springframework.security.config.annotation.web.configuration.WebMvcSecurityConfiguration$CompositeFilterChainProxy.doFilter(WebMvcSecurityConfiguration.java:230)
	at org.springframework.web.filter.DelegatingFilterProxy.invokeDelegate(DelegatingFilterProxy.java:352)
	at org.springframework.web.filter.DelegatingFilterProxy.doFilter(DelegatingFilterProxy.java:268)
	at org.apache.catalina.core.ApplicationFilterChain.internalDoFilter(ApplicationFilterChain.java:164)
	at org.apache.catalina.core.ApplicationFilterChain.doFilter(ApplicationFilterChain.java:140)
	at org.springframework.web.filter.RequestContextFilter.doFilterInternal(RequestContextFilter.java:100)
	at org.springframework.web.filter.OncePerRequestFilter.doFilter(OncePerRequestFilter.java:116)
2026-06-15T23:52:53.859+07:00 DEBUG 24632 --- [SportSwearShopSystem] [nio-8080-exec-2] o.s.web.servlet.DispatcherServlet        : Completed 500 INTERNAL_SERVER_ERROR
	at org.apache.catalina.core.ApplicationFilterChain.internalDoFilter(ApplicationFilterChain.java:164)
	at org.apache.catalina.core.ApplicationFilterChain.doFilter(ApplicationFilterChain.java:140)
	at org.springframework.web.filter.FormContentFilter.doFilterInternal(FormContentFilter.java:93)
	at org.springframework.web.filter.OncePerRequestFilter.doFilter(OncePerRequestFilter.java:116)
	at org.apache.catalina.core.ApplicationFilterChain.internalDoFilter(ApplicationFilterChain.java:164)
	at org.apache.catalina.core.ApplicationFilterChain.doFilter(ApplicationFilterChain.java:140)
	at org.springframework.web.filter.CharacterEncodingFilter.doFilterInternal(CharacterEncodingFilter.java:201)
	at org.springframework.web.filter.OncePerRequestFilter.doFilter(OncePerRequestFilter.java:116)
	at org.apache.catalina.core.ApplicationFilterChain.internalDoFilter(ApplicationFilterChain.java:164)
	at org.apache.catalina.core.ApplicationFilterChain.doFilter(ApplicationFilterChain.java:140)
	at org.apache.catalina.core.StandardWrapperValve.invoke(StandardWrapperValve.java:167)
	at org.apache.catalina.core.StandardContextValve.invoke(StandardContextValve.java:90)
	at org.apache.catalina.authenticator.AuthenticatorBase.invoke(AuthenticatorBase.java:482)
	at org.apache.catalina.core.StandardHostValve.invoke(StandardHostValve.java:115)
	at org.apache.catalina.valves.ErrorReportValve.invoke(ErrorReportValve.java:93)
	at org.apache.catalina.core.StandardEngineValve.invoke(StandardEngineValve.java:74)
	at org.apache.catalina.connector.CoyoteAdapter.service(CoyoteAdapter.java:344)
	at org.apache.coyote.http11.Http11Processor.service(Http11Processor.java:389)
	at org.apache.coyote.AbstractProcessorLight.process(AbstractProcessorLight.java:63)
	at org.apache.coyote.AbstractProtocol$ConnectionHandler.process(AbstractProtocol.java:896)
	at org.apache.tomcat.util.net.NioEndpoint$SocketProcessor.doRun(NioEndpoint.java:1741)
	at org.apache.tomcat.util.net.SocketProcessorBase.run(SocketProcessorBase.java:52)
	at org.apache.tomcat.util.threads.ThreadPoolExecutor.runWorker(ThreadPoolExecutor.java:1190)
	at org.apache.tomcat.util.threads.ThreadPoolExecutor$Worker.run(ThreadPoolExecutor.java:659)
	at org.apache.tomcat.util.threads.TaskThread$WrappingRunnable.run(TaskThread.java:63)
	at java.base/java.lang.Thread.run(Thread.java:1583)
2026-06-15T23:52:53.891+07:00 DEBUG 24632 --- [SportSwearShopSystem] [nio-8080-exec-1] o.s.w.s.m.m.a.HttpEntityMethodProcessor  : Using 'application/json', given [*/*] and supported [application/json, application/*+json]
2026-06-15T23:52:53.894+07:00 DEBUG 24632 --- [SportSwearShopSystem] [nio-8080-exec-1] o.s.w.s.m.m.a.HttpEntityMethodProcessor  : Writing [ErrorResponse(status=500, error=Internal Server Error, message=Access Denied, timestamp=2026-06-15T2 (truncated)...]
2026-06-15T23:52:53.898+07:00 DEBUG 24632 --- [SportSwearShopSystem] [nio-8080-exec-1] .m.m.a.ExceptionHandlerExceptionResolver : Resolved [org.springframework.security.access.AccessDeniedException: Access Denied]
2026-06-15T23:52:53.899+07:00 DEBUG 24632 --- [SportSwearShopSystem] [nio-8080-exec-1] o.s.web.servlet.DispatcherServlet        : Completed 500 INTERNAL_SERVER_ERROR
2026-06-15T23:52:55.548+07:00 DEBUG 24632 --- [SportSwearShopSystem] [nio-8080-exec-3] o.s.web.servlet.DispatcherServlet        : GET "/api/orders/admin", parameters={}
2026-06-15T23:52:55.594+07:00 DEBUG 24632 --- [SportSwearShopSystem] [nio-8080-exec-3] s.w.s.m.m.a.RequestMappingHandlerMapping : Mapped to com.team6.ecommercesystem.controller.OrderController#getAllOrders()
2026-06-15T23:52:56.691+07:00 DEBUG 24632 --- [SportSwearShopSystem] [nio-8080-exec-3] org.hibernate.SQL                        : 
    select
        o1_0.id,
        o1_0.note,
        o1_0.order_date,
        o1_0.payment_method,
        o1_0.phone_number,
        o1_0.recipient_name,
        o1_0.shipping_address,
        o1_0.status,
        o1_0.total_amount,
        o1_0.user_id 
    from
        orders o1_0
Hibernate: 
    select
        o1_0.id,
        o1_0.note,
        o1_0.order_date,
        o1_0.payment_method,
        o1_0.phone_number,
        o1_0.recipient_name,
        o1_0.shipping_address,
        o1_0.status,
        o1_0.total_amount,
        o1_0.user_id 
    from
        orders o1_0
2026-06-15T23:52:56.762+07:00 DEBUG 24632 --- [SportSwearShopSystem] [nio-8080-exec-3] o.s.w.s.m.m.a.HttpEntityMethodProcessor  : Using 'application/json', given [*/*] and supported [application/json, application/*+json]
2026-06-15T23:52:56.763+07:00 DEBUG 24632 --- [SportSwearShopSystem] [nio-8080-exec-3] o.s.w.s.m.m.a.HttpEntityMethodProcessor  : Writing [[]]
2026-06-15T23:52:56.774+07:00 DEBUG 24632 --- [SportSwearShopSystem] [nio-8080-exec-3] o.s.web.servlet.DispatcherServlet        : Completed 200 OK
2026-06-15T23:52:59.994+07:00 DEBUG 24632 --- [SportSwearShopSystem] [nio-8080-exec-8] o.s.web.servlet.DispatcherServlet        : GET "/api/admin/users", parameters={}
2026-06-15T23:53:00.082+07:00 DEBUG 24632 --- [SportSwearShopSystem] [nio-8080-exec-8] s.w.s.m.m.a.RequestMappingHandlerMapping : Mapped to com.team6.ecommercesystem.controller.UserController#getAllUsers()
2026-06-15T23:53:00.141+07:00 DEBUG 24632 --- [SportSwearShopSystem] [nio-8080-exec-8] .m.m.a.ExceptionHandlerExceptionResolver : Using @ExceptionHandler com.team6.ecommercesystem.utils.GlobalExceptionHandler#handleException(Exception)
org.springframework.security.access.AccessDeniedException: Access Denied
	at org.springframework.security.authorization.method.AuthorizationManagerBeforeMethodInterceptor.attemptAuthorization(AuthorizationManagerBeforeMethodInterceptor.java:256)
	at org.springframework.security.authorization.method.AuthorizationManagerBeforeMethodInterceptor.invoke(AuthorizationManagerBeforeMethodInterceptor.java:197)
	at org.springframework.aop.framework.ReflectiveMethodInvocation.proceed(ReflectiveMethodInvocation.java:184)
	at org.springframework.aop.framework.CglibAopProxy$CglibMethodInvocation.proceed(CglibAopProxy.java:768)
	at org.springframework.aop.framework.CglibAopProxy$DynamicAdvisedInterceptor.intercept(CglibAopProxy.java:720)
	at com.team6.ecommercesystem.controller.UserController$$SpringCGLIB$$0.getAllUsers(<generated>)
	at java.base/jdk.internal.reflect.DirectMethodHandleAccessor.invoke(DirectMethodHandleAccessor.java:103)
	at java.base/java.lang.reflect.Method.invoke(Method.java:580)
	at org.springframework.web.method.support.InvocableHandlerMethod.doInvoke(InvocableHandlerMethod.java:255)
	at org.springframework.web.method.support.InvocableHandlerMethod.invokeForRequest(InvocableHandlerMethod.java:188)
	at org.springframework.web.servlet.mvc.method.annotation.ServletInvocableHandlerMethod.invokeAndHandle(ServletInvocableHandlerMethod.java:118)
	at org.springframework.web.servlet.mvc.method.annotation.RequestMappingHandlerAdapter.invokeHandlerMethod(RequestMappingHandlerAdapter.java:926)
	at org.springframework.web.servlet.mvc.method.annotation.RequestMappingHandlerAdapter.handleInternal(RequestMappingHandlerAdapter.java:831)
	at org.springframework.web.servlet.mvc.method.AbstractHandlerMethodAdapter.handle(AbstractHandlerMethodAdapter.java:87)
	at org.springframework.web.servlet.DispatcherServlet.doDispatch(DispatcherServlet.java:1089)
	at org.springframework.web.servlet.DispatcherServlet.doService(DispatcherServlet.java:979)
	at org.springframework.web.servlet.FrameworkServlet.processRequest(FrameworkServlet.java:1014)
	at org.springframework.web.servlet.FrameworkServlet.doGet(FrameworkServlet.java:903)
	at jakarta.servlet.http.HttpServlet.service(HttpServlet.java:564)
	at org.springframework.web.servlet.FrameworkServlet.service(FrameworkServlet.java:885)
	at jakarta.servlet.http.HttpServlet.service(HttpServlet.java:658)
	at org.apache.catalina.core.ApplicationFilterChain.internalDoFilter(ApplicationFilterChain.java:195)
	at org.apache.catalina.core.ApplicationFilterChain.doFilter(ApplicationFilterChain.java:140)
	at org.apache.tomcat.websocket.server.WsFilter.doFilter(WsFilter.java:51)
	at org.apache.catalina.core.ApplicationFilterChain.internalDoFilter(ApplicationFilterChain.java:164)
	at org.apache.catalina.core.ApplicationFilterChain.doFilter(ApplicationFilterChain.java:140)
	at org.springframework.web.filter.CompositeFilter$VirtualFilterChain.doFilter(CompositeFilter.java:108)
	at org.springframework.security.web.FilterChainProxy.lambda$doFilterInternal$3(FilterChainProxy.java:231)
	at org.springframework.security.web.FilterChainProxy$VirtualFilterChain.doFilter(FilterChainProxy.java:365)
	at org.springframework.security.web.access.intercept.AuthorizationFilter.doFilter(AuthorizationFilter.java:100)
	at org.springframework.security.web.FilterChainProxy$VirtualFilterChain.doFilter(FilterChainProxy.java:374)
	at org.springframework.security.web.access.ExceptionTranslationFilter.doFilter(ExceptionTranslationFilter.java:126)
	at org.springframework.security.web.access.ExceptionTranslationFilter.doFilter(ExceptionTranslationFilter.java:120)
	at org.springframework.security.web.FilterChainProxy$VirtualFilterChain.doFilter(FilterChainProxy.java:374)
	at org.springframework.security.web.authentication.AnonymousAuthenticationFilter.doFilter(AnonymousAuthenticationFilter.java:100)
	at org.springframework.security.web.FilterChainProxy$VirtualFilterChain.doFilter(FilterChainProxy.java:374)
	at org.springframework.security.web.servletapi.SecurityContextHolderAwareRequestFilter.doFilter(SecurityContextHolderAwareRequestFilter.java:179)
	at org.springframework.security.web.FilterChainProxy$VirtualFilterChain.doFilter(FilterChainProxy.java:374)
	at org.springframework.security.web.savedrequest.RequestCacheAwareFilter.doFilter(RequestCacheAwareFilter.java:63)
	at org.springframework.security.web.FilterChainProxy$VirtualFilterChain.doFilter(FilterChainProxy.java:374)
	at org.springframework.security.oauth2.server.resource.web.authentication.BearerTokenAuthenticationFilter.doFilterInternal(BearerTokenAuthenticationFilter.java:145)
	at org.springframework.web.filter.OncePerRequestFilter.doFilter(OncePerRequestFilter.java:116)
	at org.springframework.security.web.FilterChainProxy$VirtualFilterChain.doFilter(FilterChainProxy.java:374)
	at org.springframework.security.web.authentication.logout.LogoutFilter.doFilter(LogoutFilter.java:107)
	at org.springframework.security.web.authentication.logout.LogoutFilter.doFilter(LogoutFilter.java:93)
	at org.springframework.security.web.FilterChainProxy$VirtualFilterChain.doFilter(FilterChainProxy.java:374)
	at org.springframework.web.filter.CorsFilter.doFilterInternal(CorsFilter.java:91)
	at org.springframework.web.filter.OncePerRequestFilter.doFilter(OncePerRequestFilter.java:116)
	at org.springframework.security.web.FilterChainProxy$VirtualFilterChain.doFilter(FilterChainProxy.java:374)
	at org.springframework.security.web.header.HeaderWriterFilter.doHeadersAfter(HeaderWriterFilter.java:90)
	at org.springframework.security.web.header.HeaderWriterFilter.doFilterInternal(HeaderWriterFilter.java:75)
	at org.springframework.web.filter.OncePerRequestFilter.doFilter(OncePerRequestFilter.java:116)
	at org.springframework.security.web.FilterChainProxy$VirtualFilterChain.doFilter(FilterChainProxy.java:374)
	at org.springframework.security.web.context.SecurityContextHolderFilter.doFilter(SecurityContextHolderFilter.java:82)
	at org.springframework.security.web.context.SecurityContextHolderFilter.doFilter(SecurityContextHolderFilter.java:69)
	at org.springframework.security.web.FilterChainProxy$VirtualFilterChain.doFilter(FilterChainProxy.java:374)
	at org.springframework.security.web.context.request.async.WebAsyncManagerIntegrationFilter.doFilterInternal(WebAsyncManagerIntegrationFilter.java:62)
	at org.springframework.web.filter.OncePerRequestFilter.doFilter(OncePerRequestFilter.java:116)
	at org.springframework.security.web.FilterChainProxy$VirtualFilterChain.doFilter(FilterChainProxy.java:374)
	at org.springframework.security.web.session.DisableEncodeUrlFilter.doFilterInternal(DisableEncodeUrlFilter.java:42)
	at org.springframework.web.filter.OncePerRequestFilter.doFilter(OncePerRequestFilter.java:116)
	at org.springframework.security.web.FilterChainProxy$VirtualFilterChain.doFilter(FilterChainProxy.java:374)
	at org.springframework.security.web.FilterChainProxy.doFilterInternal(FilterChainProxy.java:233)
	at org.springframework.security.web.FilterChainProxy.doFilter(FilterChainProxy.java:191)
	at org.springframework.web.filter.CompositeFilter$VirtualFilterChain.doFilter(CompositeFilter.java:113)
	at org.springframework.web.servlet.handler.HandlerMappingIntrospector.lambda$createCacheFilter$3(HandlerMappingIntrospector.java:195)
	at org.springframework.web.filter.CompositeFilter$VirtualFilterChain.doFilter(CompositeFilter.java:113)
	at org.springframework.web.filter.CompositeFilter.doFilter(CompositeFilter.java:74)
	at org.springframework.security.config.annotation.web.configuration.WebMvcSecurityConfiguration$CompositeFilterChainProxy.doFilter(WebMvcSecurityConfiguration.java:230)
	at org.springframework.web.filter.DelegatingFilterProxy.invokeDelegate(DelegatingFilterProxy.java:352)
	at org.springframework.web.filter.DelegatingFilterProxy.doFilter(DelegatingFilterProxy.java:268)
	at org.apache.catalina.core.ApplicationFilterChain.internalDoFilter(ApplicationFilterChain.java:164)
	at org.apache.catalina.core.ApplicationFilterChain.doFilter(ApplicationFilterChain.java:140)
	at org.springframework.web.filter.RequestContextFilter.doFilterInternal(RequestContextFilter.java:100)
	at org.springframework.web.filter.OncePerRequestFilter.doFilter(OncePerRequestFilter.java:116)
	at org.apache.catalina.core.ApplicationFilterChain.internalDoFilter(ApplicationFilterChain.java:164)
	at org.apache.catalina.core.ApplicationFilterChain.doFilter(ApplicationFilterChain.java:140)
	at org.springframework.web.filter.FormContentFilter.doFilterInternal(FormContentFilter.java:93)
	at org.springframework.web.filter.OncePerRequestFilter.doFilter(OncePerRequestFilter.java:116)
	at org.apache.catalina.core.ApplicationFilterChain.internalDoFilter(ApplicationFilterChain.java:164)
	at org.apache.catalina.core.ApplicationFilterChain.doFilter(ApplicationFilterChain.java:140)
	at org.springframework.web.filter.CharacterEncodingFilter.doFilterInternal(CharacterEncodingFilter.java:201)
	at org.springframework.web.filter.OncePerRequestFilter.doFilter(OncePerRequestFilter.java:116)
	at org.apache.catalina.core.ApplicationFilterChain.internalDoFilter(ApplicationFilterChain.java:164)
	at org.apache.catalina.core.ApplicationFilterChain.doFilter(ApplicationFilterChain.java:140)
	at org.apache.catalina.core.StandardWrapperValve.invoke(StandardWrapperValve.java:167)
	at org.apache.catalina.core.StandardContextValve.invoke(StandardContextValve.java:90)
	at org.apache.catalina.authenticator.AuthenticatorBase.invoke(AuthenticatorBase.java:482)
	at org.apache.catalina.core.StandardHostValve.invoke(StandardHostValve.java:115)
	at org.apache.catalina.valves.ErrorReportValve.invoke(ErrorReportValve.java:93)
	at org.apache.catalina.core.StandardEngineValve.invoke(StandardEngineValve.java:74)
	at org.apache.catalina.connector.CoyoteAdapter.service(CoyoteAdapter.java:344)
	at org.apache.coyote.http11.Http11Processor.service(Http11Processor.java:389)
	at org.apache.coyote.AbstractProcessorLight.process(AbstractProcessorLight.java:63)
	at org.apache.coyote.AbstractProtocol$ConnectionHandler.process(AbstractProtocol.java:896)
	at org.apache.tomcat.util.net.NioEndpoint$SocketProcessor.doRun(NioEndpoint.java:1741)
	at org.apache.tomcat.util.net.SocketProcessorBase.run(SocketProcessorBase.java:52)
	at org.apache.tomcat.util.threads.ThreadPoolExecutor.runWorker(ThreadPoolExecutor.java:1190)
	at org.apache.tomcat.util.threads.ThreadPoolExecutor$Worker.run(ThreadPoolExecutor.java:659)
	at org.apache.tomcat.util.threads.TaskThread$WrappingRunnable.run(TaskThread.java:63)
	at java.base/java.lang.Thread.run(Thread.java:1583)
2026-06-15T23:53:03.513+07:00 DEBUG 24632 --- [SportSwearShopSystem] [nio-8080-exec-8] o.s.w.s.m.m.a.HttpEntityMethodProcessor  : Using 'application/json', given [*/*] and supported [application/json, application/*+json]
2026-06-15T23:53:03.546+07:00 DEBUG 24632 --- [SportSwearShopSystem] [nio-8080-exec-8] o.s.w.s.m.m.a.HttpEntityMethodProcessor  : Writing [ErrorResponse(status=500, error=Internal Server Error, message=Access Denied, timestamp=2026-06-15T2 (truncated)...]
2026-06-15T23:53:03.560+07:00 DEBUG 24632 --- [SportSwearShopSystem] [nio-8080-exec-8] .m.m.a.ExceptionHandlerExceptionResolver : Resolved [org.springframework.security.access.AccessDeniedException: Access Denied]
2026-06-15T23:53:03.576+07:00 DEBUG 24632 --- [SportSwearShopSystem] [nio-8080-exec-8] o.s.web.servlet.DispatcherServlet        : Completed 500 INTERNAL_SERVER_ERROR
2026-06-15T23:55:23.082+07:00 DEBUG 24632 --- [SportSwearShopSystem] [nio-8080-exec-9] o.s.web.servlet.DispatcherServlet        : POST "/api/auth/login", parameters={}
2026-06-15T23:55:23.122+07:00 DEBUG 24632 --- [SportSwearShopSystem] [nio-8080-exec-9] s.w.s.m.m.a.RequestMappingHandlerMapping : Mapped to com.team6.ecommercesystem.controller.AuthenticationController#login(LoginRequest)
2026-06-15T23:55:23.246+07:00 DEBUG 24632 --- [SportSwearShopSystem] [nio-8080-exec-9] m.m.a.RequestResponseBodyMethodProcessor : Read "application/json;charset=UTF-8" to [com.team6.ecommercesystem.dto.request.LoginRequest@43574ae0]
2026-06-15T23:55:23.276+07:00  INFO 24632 --- [SportSwearShopSystem] [nio-8080-exec-9] c.t.e.c.AuthenticationController         : Login request received for email: admin@example.com
2026-06-15T23:55:23.318+07:00  INFO 24632 --- [SportSwearShopSystem] [nio-8080-exec-9] c.t.e.service.AuthenticationServiceImpl  : Login attempt for email: admin@example.com
2026-06-15T23:55:23.423+07:00 DEBUG 24632 --- [SportSwearShopSystem] [nio-8080-exec-9] org.hibernate.SQL                        : 
    select
        u1_0.id,
        u1_0.created_at,
        u1_0.email,
        u1_0.failed_login_attempts,
        u1_0.full_name,
        u1_0.last_login_date,
        u1_0.last_password_change_date,
        u1_0.lock_time,
        u1_0.password,
        u1_0.phone_number,
        u1_0.role_id,
        u1_0.status 
    from
        users u1_0 
    where
        u1_0.email=?
Hibernate: 
    select
        u1_0.id,
        u1_0.created_at,
        u1_0.email,
        u1_0.failed_login_attempts,
        u1_0.full_name,
        u1_0.last_login_date,
        u1_0.last_password_change_date,
        u1_0.lock_time,
        u1_0.password,
        u1_0.phone_number,
        u1_0.role_id,
        u1_0.status 
    from
        users u1_0 
    where
        u1_0.email=?
2026-06-15T23:55:23.515+07:00 DEBUG 24632 --- [SportSwearShopSystem] [nio-8080-exec-9] org.hibernate.SQL                        : 
    select
        u1_0.id,
        u1_0.created_at,
        u1_0.email,
        u1_0.failed_login_attempts,
        u1_0.full_name,
        u1_0.last_login_date,
        u1_0.last_password_change_date,
        u1_0.lock_time,
        u1_0.password,
        u1_0.phone_number,
        u1_0.role_id,
        u1_0.status 
    from
        users u1_0 
    where
        u1_0.email=?
Hibernate: 
    select
        u1_0.id,
        u1_0.created_at,
        u1_0.email,
        u1_0.failed_login_attempts,
        u1_0.full_name,
        u1_0.last_login_date,
        u1_0.last_password_change_date,
        u1_0.lock_time,
        u1_0.password,
        u1_0.phone_number,
        u1_0.role_id,
        u1_0.status 
    from
        users u1_0 
    where
        u1_0.email=?
2026-06-15T23:55:24.043+07:00 DEBUG 24632 --- [SportSwearShopSystem] [nio-8080-exec-9] org.hibernate.SQL                        : 
    select
        r1_0.role_id,
        r1_0.role_code,
        r1_0.role_description,
        r1_0.role_name 
    from
        roles r1_0 
    where
        r1_0.role_id=?
Hibernate: 
    select
        r1_0.role_id,
        r1_0.role_code,
        r1_0.role_description,
        r1_0.role_name 
    from
        roles r1_0 
    where
        r1_0.role_id=?
2026-06-15T23:55:24.062+07:00  INFO 24632 --- [SportSwearShopSystem] [nio-8080-exec-9] c.t.e.service.AuthenticationServiceImpl  : User authenticated successfully: admin@example.com
2026-06-15T23:55:24.115+07:00 DEBUG 24632 --- [SportSwearShopSystem] [nio-8080-exec-9] org.hibernate.SQL                        : 
    insert 
    into
        valid_refresh_tokens
        (created_at, expired_time, jwt_id, revoked, user_id) 
    values
        (?, ?, ?, ?, ?)
Hibernate: 
    insert 
    into
        valid_refresh_tokens
        (created_at, expired_time, jwt_id, revoked, user_id) 
    values
        (?, ?, ?, ?, ?)
2026-06-15T23:55:24.151+07:00 DEBUG 24632 --- [SportSwearShopSystem] [nio-8080-exec-9] o.s.w.s.m.m.a.HttpEntityMethodProcessor  : Using 'application/json', given [*/*] and supported [application/json, application/*+json]
2026-06-15T23:55:24.155+07:00 DEBUG 24632 --- [SportSwearShopSystem] [nio-8080-exec-9] o.s.w.s.m.m.a.HttpEntityMethodProcessor  : Writing [com.team6.ecommercesystem.dto.response.LoginResponse@3577f1e1]
2026-06-15T23:55:24.173+07:00 DEBUG 24632 --- [SportSwearShopSystem] [nio-8080-exec-9] o.s.web.servlet.DispatcherServlet        : Completed 200 OK
2026-06-15T23:55:24.407+07:00 DEBUG 24632 --- [SportSwearShopSystem] [io-8080-exec-10] o.s.web.servlet.DispatcherServlet        : GET "/api/admin/users", parameters={}
2026-06-15T23:55:24.407+07:00 DEBUG 24632 --- [SportSwearShopSystem] [io-8080-exec-10] s.w.s.m.m.a.RequestMappingHandlerMapping : Mapped to com.team6.ecommercesystem.controller.UserController#getAllUsers()
2026-06-15T23:55:24.462+07:00 DEBUG 24632 --- [SportSwearShopSystem] [io-8080-exec-10] org.hibernate.SQL                        : 
    select
        u1_0.id,
        u1_0.created_at,
        u1_0.email,
        u1_0.failed_login_attempts,
        u1_0.full_name,
        u1_0.last_login_date,
        u1_0.last_password_change_date,
        u1_0.lock_time,
        u1_0.password,
        u1_0.phone_number,
        u1_0.role_id,
        u1_0.status 
    from
        users u1_0
Hibernate: 
    select
        u1_0.id,
        u1_0.created_at,
        u1_0.email,
        u1_0.failed_login_attempts,
        u1_0.full_name,
        u1_0.last_login_date,
        u1_0.last_password_change_date,
        u1_0.lock_time,
        u1_0.password,
        u1_0.phone_number,
        u1_0.role_id,
        u1_0.status 
    from
        users u1_0
2026-06-15T23:55:24.621+07:00 DEBUG 24632 --- [SportSwearShopSystem] [io-8080-exec-10] org.hibernate.SQL                        : 
    select
        r1_0.role_id,
        r1_0.role_code,
        r1_0.role_description,
        r1_0.role_name 
    from
        roles r1_0 
    where
        r1_0.role_id=?
Hibernate: 
    select
        r1_0.role_id,
        r1_0.role_code,
        r1_0.role_description,
        r1_0.role_name 
    from
        roles r1_0 
    where
        r1_0.role_id=?
2026-06-15T23:55:24.633+07:00 DEBUG 24632 --- [SportSwearShopSystem] [io-8080-exec-10] org.hibernate.SQL                        : 
    select
        r1_0.role_id,
        r1_0.role_code,
        r1_0.role_description,
        r1_0.role_name 
    from
        roles r1_0 
    where
        r1_0.role_id=?
Hibernate: 
    select
        r1_0.role_id,
        r1_0.role_code,
        r1_0.role_description,
        r1_0.role_name 
    from
        roles r1_0 
    where
        r1_0.role_id=?
2026-06-15T23:55:24.636+07:00 DEBUG 24632 --- [SportSwearShopSystem] [io-8080-exec-10] org.hibernate.SQL                        : 
    select
        r1_0.role_id,
        r1_0.role_code,
        r1_0.role_description,
        r1_0.role_name 
    from
        roles r1_0 
    where
        r1_0.role_id=?
Hibernate: 
    select
        r1_0.role_id,
        r1_0.role_code,
        r1_0.role_description,
        r1_0.role_name 
    from
        roles r1_0 
    where
        r1_0.role_id=?
2026-06-15T23:55:24.639+07:00 DEBUG 24632 --- [SportSwearShopSystem] [io-8080-exec-10] org.hibernate.SQL                        : 
    select
        r1_0.role_id,
        r1_0.role_code,
        r1_0.role_description,
        r1_0.role_name 
    from
        roles r1_0 
    where
        r1_0.role_id=?
Hibernate: 
    select
        r1_0.role_id,
        r1_0.role_code,
        r1_0.role_description,
        r1_0.role_name 
    from
        roles r1_0 
    where
        r1_0.role_id=?
2026-06-15T23:55:24.644+07:00 DEBUG 24632 --- [SportSwearShopSystem] [io-8080-exec-10] o.s.w.s.m.m.a.HttpEntityMethodProcessor  : Using 'application/json', given [*/*] and supported [application/json, application/*+json]
2026-06-15T23:55:24.701+07:00 DEBUG 24632 --- [SportSwearShopSystem] [io-8080-exec-10] o.s.w.s.m.m.a.HttpEntityMethodProcessor  : Writing [[UserSummaryResponse(id=1, fullName=Admin User, email=admin@example.com, phoneNumber=0123456789, rol (truncated)...]
2026-06-15T23:55:24.758+07:00 DEBUG 24632 --- [SportSwearShopSystem] [io-8080-exec-10] o.s.web.servlet.DispatcherServlet        : Completed 200 OK
2026-06-15T23:55:24.800+07:00 DEBUG 24632 --- [SportSwearShopSystem] [nio-8080-exec-6] o.s.web.servlet.DispatcherServlet        : POST "/api/auth/login", parameters={}
2026-06-15T23:55:24.800+07:00 DEBUG 24632 --- [SportSwearShopSystem] [nio-8080-exec-6] s.w.s.m.m.a.RequestMappingHandlerMapping : Mapped to com.team6.ecommercesystem.controller.AuthenticationController#login(LoginRequest)
2026-06-15T23:55:24.803+07:00 DEBUG 24632 --- [SportSwearShopSystem] [nio-8080-exec-6] m.m.a.RequestResponseBodyMethodProcessor : Read "application/json;charset=UTF-8" to [com.team6.ecommercesystem.dto.request.LoginRequest@7399fb99]
2026-06-15T23:55:24.804+07:00  INFO 24632 --- [SportSwearShopSystem] [nio-8080-exec-6] c.t.e.c.AuthenticationController         : Login request received for email: shopstaff@example.com
2026-06-15T23:55:24.804+07:00  INFO 24632 --- [SportSwearShopSystem] [nio-8080-exec-6] c.t.e.service.AuthenticationServiceImpl  : Login attempt for email: shopstaff@example.com
2026-06-15T23:55:24.807+07:00 DEBUG 24632 --- [SportSwearShopSystem] [nio-8080-exec-6] org.hibernate.SQL                        : 
    select
        u1_0.id,
        u1_0.created_at,
        u1_0.email,
        u1_0.failed_login_attempts,
        u1_0.full_name,
        u1_0.last_login_date,
        u1_0.last_password_change_date,
        u1_0.lock_time,
        u1_0.password,
        u1_0.phone_number,
        u1_0.role_id,
        u1_0.status 
    from
        users u1_0 
    where
        u1_0.email=?
Hibernate: 
    select
        u1_0.id,
        u1_0.created_at,
        u1_0.email,
        u1_0.failed_login_attempts,
        u1_0.full_name,
        u1_0.last_login_date,
        u1_0.last_password_change_date,
        u1_0.lock_time,
        u1_0.password,
        u1_0.phone_number,
        u1_0.role_id,
        u1_0.status 
    from
        users u1_0 
    where
        u1_0.email=?
2026-06-15T23:55:24.813+07:00 DEBUG 24632 --- [SportSwearShopSystem] [nio-8080-exec-6] org.hibernate.SQL                        : 
    select
        u1_0.id,
        u1_0.created_at,
        u1_0.email,
        u1_0.failed_login_attempts,
        u1_0.full_name,
        u1_0.last_login_date,
        u1_0.last_password_change_date,
        u1_0.lock_time,
        u1_0.password,
        u1_0.phone_number,
        u1_0.role_id,
        u1_0.status 
    from
        users u1_0 
    where
        u1_0.email=?
Hibernate: 
    select
        u1_0.id,
        u1_0.created_at,
        u1_0.email,
        u1_0.failed_login_attempts,
        u1_0.full_name,
        u1_0.last_login_date,
        u1_0.last_password_change_date,
        u1_0.lock_time,
        u1_0.password,
        u1_0.phone_number,
        u1_0.role_id,
        u1_0.status 
    from
        users u1_0 
    where
        u1_0.email=?
2026-06-15T23:55:25.395+07:00 DEBUG 24632 --- [SportSwearShopSystem] [nio-8080-exec-6] org.hibernate.SQL                        : 
    select
        r1_0.role_id,
        r1_0.role_code,
        r1_0.role_description,
        r1_0.role_name 
    from
        roles r1_0 
    where
        r1_0.role_id=?
Hibernate: 
    select
        r1_0.role_id,
        r1_0.role_code,
        r1_0.role_description,
        r1_0.role_name 
    from
        roles r1_0 
    where
        r1_0.role_id=?
2026-06-15T23:55:25.399+07:00  INFO 24632 --- [SportSwearShopSystem] [nio-8080-exec-6] c.t.e.service.AuthenticationServiceImpl  : User authenticated successfully: shopstaff@example.com
2026-06-15T23:55:25.401+07:00 DEBUG 24632 --- [SportSwearShopSystem] [nio-8080-exec-6] org.hibernate.SQL                        : 
    insert 
    into
        valid_refresh_tokens
        (created_at, expired_time, jwt_id, revoked, user_id) 
    values
        (?, ?, ?, ?, ?)
Hibernate: 
    insert 
    into
        valid_refresh_tokens
        (created_at, expired_time, jwt_id, revoked, user_id) 
    values
        (?, ?, ?, ?, ?)
2026-06-15T23:55:25.408+07:00 DEBUG 24632 --- [SportSwearShopSystem] [nio-8080-exec-6] o.s.w.s.m.m.a.HttpEntityMethodProcessor  : Using 'application/json', given [*/*] and supported [application/json, application/*+json]
2026-06-15T23:55:25.409+07:00 DEBUG 24632 --- [SportSwearShopSystem] [nio-8080-exec-6] o.s.w.s.m.m.a.HttpEntityMethodProcessor  : Writing [com.team6.ecommercesystem.dto.response.LoginResponse@61ab2c13]
2026-06-15T23:55:25.412+07:00 DEBUG 24632 --- [SportSwearShopSystem] [nio-8080-exec-6] o.s.web.servlet.DispatcherServlet        : Completed 200 OK
2026-06-15T23:55:25.418+07:00 DEBUG 24632 --- [SportSwearShopSystem] [nio-8080-exec-7] o.s.web.servlet.DispatcherServlet        : GET "/api/admin/users", parameters={}
2026-06-15T23:55:25.421+07:00 DEBUG 24632 --- [SportSwearShopSystem] [nio-8080-exec-7] s.w.s.m.m.a.RequestMappingHandlerMapping : Mapped to com.team6.ecommercesystem.controller.UserController#getAllUsers()
2026-06-15T23:55:25.427+07:00 DEBUG 24632 --- [SportSwearShopSystem] [nio-8080-exec-7] .m.m.a.ExceptionHandlerExceptionResolver : Using @ExceptionHandler com.team6.ecommercesystem.utils.GlobalExceptionHandler#handleException(Exception)
org.springframework.security.access.AccessDeniedException: Access Denied
	at org.springframework.security.authorization.method.AuthorizationManagerBeforeMethodInterceptor.attemptAuthorization(AuthorizationManagerBeforeMethodInterceptor.java:256)
	at org.springframework.security.authorization.method.AuthorizationManagerBeforeMethodInterceptor.invoke(AuthorizationManagerBeforeMethodInterceptor.java:197)
	at org.springframework.aop.framework.ReflectiveMethodInvocation.proceed(ReflectiveMethodInvocation.java:184)
	at org.springframework.aop.framework.CglibAopProxy$CglibMethodInvocation.proceed(CglibAopProxy.java:768)
	at org.springframework.aop.framework.CglibAopProxy$DynamicAdvisedInterceptor.intercept(CglibAopProxy.java:720)
	at com.team6.ecommercesystem.controller.UserController$$SpringCGLIB$$0.getAllUsers(<generated>)
	at java.base/jdk.internal.reflect.DirectMethodHandleAccessor.invoke(DirectMethodHandleAccessor.java:103)
	at java.base/java.lang.reflect.Method.invoke(Method.java:580)
	at org.springframework.web.method.support.InvocableHandlerMethod.doInvoke(InvocableHandlerMethod.java:255)
	at org.springframework.web.method.support.InvocableHandlerMethod.invokeForRequest(InvocableHandlerMethod.java:188)
	at org.springframework.web.servlet.mvc.method.annotation.ServletInvocableHandlerMethod.invokeAndHandle(ServletInvocableHandlerMethod.java:118)
	at org.springframework.web.servlet.mvc.method.annotation.RequestMappingHandlerAdapter.invokeHandlerMethod(RequestMappingHandlerAdapter.java:926)
	at org.springframework.web.servlet.mvc.method.annotation.RequestMappingHandlerAdapter.handleInternal(RequestMappingHandlerAdapter.java:831)
	at org.springframework.web.servlet.mvc.method.AbstractHandlerMethodAdapter.handle(AbstractHandlerMethodAdapter.java:87)
	at org.springframework.web.servlet.DispatcherServlet.doDispatch(DispatcherServlet.java:1089)
	at org.springframework.web.servlet.DispatcherServlet.doService(DispatcherServlet.java:979)
	at org.springframework.web.servlet.FrameworkServlet.processRequest(FrameworkServlet.java:1014)
	at org.springframework.web.servlet.FrameworkServlet.doGet(FrameworkServlet.java:903)
	at jakarta.servlet.http.HttpServlet.service(HttpServlet.java:564)
	at org.springframework.web.servlet.FrameworkServlet.service(FrameworkServlet.java:885)
	at jakarta.servlet.http.HttpServlet.service(HttpServlet.java:658)
	at org.apache.catalina.core.ApplicationFilterChain.internalDoFilter(ApplicationFilterChain.java:195)
	at org.apache.catalina.core.ApplicationFilterChain.doFilter(ApplicationFilterChain.java:140)
	at org.apache.tomcat.websocket.server.WsFilter.doFilter(WsFilter.java:51)
	at org.apache.catalina.core.ApplicationFilterChain.internalDoFilter(ApplicationFilterChain.java:164)
	at org.apache.catalina.core.ApplicationFilterChain.doFilter(ApplicationFilterChain.java:140)
	at org.springframework.web.filter.CompositeFilter$VirtualFilterChain.doFilter(CompositeFilter.java:108)
	at org.springframework.security.web.FilterChainProxy.lambda$doFilterInternal$3(FilterChainProxy.java:231)
	at org.springframework.security.web.FilterChainProxy$VirtualFilterChain.doFilter(FilterChainProxy.java:365)
	at org.springframework.security.web.access.intercept.AuthorizationFilter.doFilter(AuthorizationFilter.java:100)
	at org.springframework.security.web.FilterChainProxy$VirtualFilterChain.doFilter(FilterChainProxy.java:374)
	at org.springframework.security.web.access.ExceptionTranslationFilter.doFilter(ExceptionTranslationFilter.java:126)
	at org.springframework.security.web.access.ExceptionTranslationFilter.doFilter(ExceptionTranslationFilter.java:120)
	at org.springframework.security.web.FilterChainProxy$VirtualFilterChain.doFilter(FilterChainProxy.java:374)
	at org.springframework.security.web.authentication.AnonymousAuthenticationFilter.doFilter(AnonymousAuthenticationFilter.java:100)
	at org.springframework.security.web.FilterChainProxy$VirtualFilterChain.doFilter(FilterChainProxy.java:374)
	at org.springframework.security.web.servletapi.SecurityContextHolderAwareRequestFilter.doFilter(SecurityContextHolderAwareRequestFilter.java:179)
	at org.springframework.security.web.FilterChainProxy$VirtualFilterChain.doFilter(FilterChainProxy.java:374)
	at org.springframework.security.web.savedrequest.RequestCacheAwareFilter.doFilter(RequestCacheAwareFilter.java:63)
	at org.springframework.security.web.FilterChainProxy$VirtualFilterChain.doFilter(FilterChainProxy.java:374)
	at org.springframework.security.oauth2.server.resource.web.authentication.BearerTokenAuthenticationFilter.doFilterInternal(BearerTokenAuthenticationFilter.java:145)
	at org.springframework.web.filter.OncePerRequestFilter.doFilter(OncePerRequestFilter.java:116)
	at org.springframework.security.web.FilterChainProxy$VirtualFilterChain.doFilter(FilterChainProxy.java:374)
	at org.springframework.security.web.authentication.logout.LogoutFilter.doFilter(LogoutFilter.java:107)
	at org.springframework.security.web.authentication.logout.LogoutFilter.doFilter(LogoutFilter.java:93)
	at org.springframework.security.web.FilterChainProxy$VirtualFilterChain.doFilter(FilterChainProxy.java:374)
	at org.springframework.web.filter.CorsFilter.doFilterInternal(CorsFilter.java:91)
	at org.springframework.web.filter.OncePerRequestFilter.doFilter(OncePerRequestFilter.java:116)
	at org.springframework.security.web.FilterChainProxy$VirtualFilterChain.doFilter(FilterChainProxy.java:374)
	at org.springframework.security.web.header.HeaderWriterFilter.doHeadersAfter(HeaderWriterFilter.java:90)
	at org.springframework.security.web.header.HeaderWriterFilter.doFilterInternal(HeaderWriterFilter.java:75)
	at org.springframework.web.filter.OncePerRequestFilter.doFilter(OncePerRequestFilter.java:116)
	at org.springframework.security.web.FilterChainProxy$VirtualFilterChain.doFilter(FilterChainProxy.java:374)
	at org.springframework.security.web.context.SecurityContextHolderFilter.doFilter(SecurityContextHolderFilter.java:82)
	at org.springframework.security.web.context.SecurityContextHolderFilter.doFilter(SecurityContextHolderFilter.java:69)
	at org.springframework.security.web.FilterChainProxy$VirtualFilterChain.doFilter(FilterChainProxy.java:374)
	at org.springframework.security.web.context.request.async.WebAsyncManagerIntegrationFilter.doFilterInternal(WebAsyncManagerIntegrationFilter.java:62)
	at org.springframework.web.filter.OncePerRequestFilter.doFilter(OncePerRequestFilter.java:116)
	at org.springframework.security.web.FilterChainProxy$VirtualFilterChain.doFilter(FilterChainProxy.java:374)
	at org.springframework.security.web.session.DisableEncodeUrlFilter.doFilterInternal(DisableEncodeUrlFilter.java:42)
	at org.springframework.web.filter.OncePerRequestFilter.doFilter(OncePerRequestFilter.java:116)
	at org.springframework.security.web.FilterChainProxy$VirtualFilterChain.doFilter(FilterChainProxy.java:374)
	at org.springframework.security.web.FilterChainProxy.doFilterInternal(FilterChainProxy.java:233)
	at org.springframework.security.web.FilterChainProxy.doFilter(FilterChainProxy.java:191)
	at org.springframework.web.filter.CompositeFilter$VirtualFilterChain.doFilter(CompositeFilter.java:113)
	at org.springframework.web.servlet.handler.HandlerMappingIntrospector.lambda$createCacheFilter$3(HandlerMappingIntrospector.java:195)
	at org.springframework.web.filter.CompositeFilter$VirtualFilterChain.doFilter(CompositeFilter.java:113)
	at org.springframework.web.filter.CompositeFilter.doFilter(CompositeFilter.java:74)
	at org.springframework.security.config.annotation.web.configuration.WebMvcSecurityConfiguration$CompositeFilterChainProxy.doFilter(WebMvcSecurityConfiguration.java:230)
	at org.springframework.web.filter.DelegatingFilterProxy.invokeDelegate(DelegatingFilterProxy.java:352)
	at org.springframework.web.filter.DelegatingFilterProxy.doFilter(DelegatingFilterProxy.java:268)
	at org.apache.catalina.core.ApplicationFilterChain.internalDoFilter(ApplicationFilterChain.java:164)
	at org.apache.catalina.core.ApplicationFilterChain.doFilter(ApplicationFilterChain.java:140)
	at org.springframework.web.filter.RequestContextFilter.doFilterInternal(RequestContextFilter.java:100)
	at org.springframework.web.filter.OncePerRequestFilter.doFilter(OncePerRequestFilter.java:116)
	at org.apache.catalina.core.ApplicationFilterChain.internalDoFilter(ApplicationFilterChain.java:164)
	at org.apache.catalina.core.ApplicationFilterChain.doFilter(ApplicationFilterChain.java:140)
	at org.springframework.web.filter.FormContentFilter.doFilterInternal(FormContentFilter.java:93)
	at org.springframework.web.filter.OncePerRequestFilter.doFilter(OncePerRequestFilter.java:116)
	at org.apache.catalina.core.ApplicationFilterChain.internalDoFilter(ApplicationFilterChain.java:164)
	at org.apache.catalina.core.ApplicationFilterChain.doFilter(ApplicationFilterChain.java:140)
	at org.springframework.web.filter.CharacterEncodingFilter.doFilterInternal(CharacterEncodingFilter.java:201)
	at org.springframework.web.filter.OncePerRequestFilter.doFilter(OncePerRequestFilter.java:116)
	at org.apache.catalina.core.ApplicationFilterChain.internalDoFilter(ApplicationFilterChain.java:164)
	at org.apache.catalina.core.ApplicationFilterChain.doFilter(ApplicationFilterChain.java:140)
	at org.apache.catalina.core.StandardWrapperValve.invoke(StandardWrapperValve.java:167)
	at org.apache.catalina.core.StandardContextValve.invoke(StandardContextValve.java:90)
	at org.apache.catalina.authenticator.AuthenticatorBase.invoke(AuthenticatorBase.java:482)
	at org.apache.catalina.core.StandardHostValve.invoke(StandardHostValve.java:115)
	at org.apache.catalina.valves.ErrorReportValve.invoke(ErrorReportValve.java:93)
	at org.apache.catalina.core.StandardEngineValve.invoke(StandardEngineValve.java:74)
	at org.apache.catalina.connector.CoyoteAdapter.service(CoyoteAdapter.java:344)
	at org.apache.coyote.http11.Http11Processor.service(Http11Processor.java:389)
	at org.apache.coyote.AbstractProcessorLight.process(AbstractProcessorLight.java:63)
	at org.apache.coyote.AbstractProtocol$ConnectionHandler.process(AbstractProtocol.java:896)
	at org.apache.tomcat.util.net.NioEndpoint$SocketProcessor.doRun(NioEndpoint.java:1741)
	at org.apache.tomcat.util.net.SocketProcessorBase.run(SocketProcessorBase.java:52)
	at org.apache.tomcat.util.threads.ThreadPoolExecutor.runWorker(ThreadPoolExecutor.java:1190)
	at org.apache.tomcat.util.threads.ThreadPoolExecutor$Worker.run(ThreadPoolExecutor.java:659)
	at org.apache.tomcat.util.threads.TaskThread$WrappingRunnable.run(TaskThread.java:63)
	at java.base/java.lang.Thread.run(Thread.java:1583)
2026-06-15T23:55:25.467+07:00 DEBUG 24632 --- [SportSwearShopSystem] [nio-8080-exec-7] o.s.w.s.m.m.a.HttpEntityMethodProcessor  : Using 'application/json', given [*/*] and supported [application/json, application/*+json]
2026-06-15T23:55:25.468+07:00 DEBUG 24632 --- [SportSwearShopSystem] [nio-8080-exec-7] o.s.w.s.m.m.a.HttpEntityMethodProcessor  : Writing [ErrorResponse(status=500, error=Internal Server Error, message=Access Denied, timestamp=2026-06-15T2 (truncated)...]
2026-06-15T23:55:25.473+07:00 DEBUG 24632 --- [SportSwearShopSystem] [nio-8080-exec-7] .m.m.a.ExceptionHandlerExceptionResolver : Resolved [org.springframework.security.access.AccessDeniedException: Access Denied]
2026-06-15T23:55:25.475+07:00 DEBUG 24632 --- [SportSwearShopSystem] [nio-8080-exec-7] o.s.web.servlet.DispatcherServlet        : Completed 500 INTERNAL_SERVER_ERROR
2026-06-15T23:55:25.628+07:00 DEBUG 24632 --- [SportSwearShopSystem] [nio-8080-exec-2] o.s.web.servlet.DispatcherServlet        : POST "/api/auth/login", parameters={}
2026-06-15T23:55:25.632+07:00 DEBUG 24632 --- [SportSwearShopSystem] [nio-8080-exec-2] s.w.s.m.m.a.RequestMappingHandlerMapping : Mapped to com.team6.ecommercesystem.controller.AuthenticationController#login(LoginRequest)
2026-06-15T23:55:25.634+07:00 DEBUG 24632 --- [SportSwearShopSystem] [nio-8080-exec-2] m.m.a.RequestResponseBodyMethodProcessor : Read "application/json;charset=UTF-8" to [com.team6.ecommercesystem.dto.request.LoginRequest@7a1fd7f4]
2026-06-15T23:55:25.634+07:00  INFO 24632 --- [SportSwearShopSystem] [nio-8080-exec-2] c.t.e.c.AuthenticationController         : Login request received for email: shipper@example.com
2026-06-15T23:55:25.646+07:00  INFO 24632 --- [SportSwearShopSystem] [nio-8080-exec-2] c.t.e.service.AuthenticationServiceImpl  : Login attempt for email: shipper@example.com
2026-06-15T23:55:25.651+07:00 DEBUG 24632 --- [SportSwearShopSystem] [nio-8080-exec-2] org.hibernate.SQL                        : 
    select
        u1_0.id,
        u1_0.created_at,
        u1_0.email,
        u1_0.failed_login_attempts,
        u1_0.full_name,
        u1_0.last_login_date,
        u1_0.last_password_change_date,
        u1_0.lock_time,
        u1_0.password,
        u1_0.phone_number,
        u1_0.role_id,
        u1_0.status 
    from
        users u1_0 
    where
        u1_0.email=?
Hibernate: 
    select
        u1_0.id,
        u1_0.created_at,
        u1_0.email,
        u1_0.failed_login_attempts,
        u1_0.full_name,
        u1_0.last_login_date,
        u1_0.last_password_change_date,
        u1_0.lock_time,
        u1_0.password,
        u1_0.phone_number,
        u1_0.role_id,
        u1_0.status 
    from
        users u1_0 
    where
        u1_0.email=?
2026-06-15T23:55:25.661+07:00 DEBUG 24632 --- [SportSwearShopSystem] [nio-8080-exec-2] org.hibernate.SQL                        : 
    select
        u1_0.id,
        u1_0.created_at,
        u1_0.email,
        u1_0.failed_login_attempts,
        u1_0.full_name,
        u1_0.last_login_date,
        u1_0.last_password_change_date,
        u1_0.lock_time,
        u1_0.password,
        u1_0.phone_number,
        u1_0.role_id,
        u1_0.status 
    from
        users u1_0 
    where
        u1_0.email=?
Hibernate: 
    select
        u1_0.id,
        u1_0.created_at,
        u1_0.email,
        u1_0.failed_login_attempts,
        u1_0.full_name,
        u1_0.last_login_date,
        u1_0.last_password_change_date,
        u1_0.lock_time,
        u1_0.password,
        u1_0.phone_number,
        u1_0.role_id,
        u1_0.status 
    from
        users u1_0 
    where
        u1_0.email=?
2026-06-15T23:55:26.285+07:00 DEBUG 24632 --- [SportSwearShopSystem] [nio-8080-exec-2] org.hibernate.SQL                        : 
    select
        r1_0.role_id,
        r1_0.role_code,
        r1_0.role_description,
        r1_0.role_name 
    from
        roles r1_0 
    where
        r1_0.role_id=?
Hibernate: 
    select
        r1_0.role_id,
        r1_0.role_code,
        r1_0.role_description,
        r1_0.role_name 
    from
        roles r1_0 
    where
        r1_0.role_id=?
2026-06-15T23:55:26.289+07:00  INFO 24632 --- [SportSwearShopSystem] [nio-8080-exec-2] c.t.e.service.AuthenticationServiceImpl  : User authenticated successfully: shipper@example.com
2026-06-15T23:55:26.292+07:00 DEBUG 24632 --- [SportSwearShopSystem] [nio-8080-exec-2] org.hibernate.SQL                        : 
    insert 
    into
        valid_refresh_tokens
        (created_at, expired_time, jwt_id, revoked, user_id) 
    values
        (?, ?, ?, ?, ?)
Hibernate: 
    insert 
    into
        valid_refresh_tokens
        (created_at, expired_time, jwt_id, revoked, user_id) 
    values
        (?, ?, ?, ?, ?)
2026-06-15T23:55:26.297+07:00 DEBUG 24632 --- [SportSwearShopSystem] [nio-8080-exec-2] o.s.w.s.m.m.a.HttpEntityMethodProcessor  : Using 'application/json', given [*/*] and supported [application/json, application/*+json]
2026-06-15T23:55:26.297+07:00 DEBUG 24632 --- [SportSwearShopSystem] [nio-8080-exec-2] o.s.w.s.m.m.a.HttpEntityMethodProcessor  : Writing [com.team6.ecommercesystem.dto.response.LoginResponse@4fabee60]
2026-06-15T23:55:26.300+07:00 DEBUG 24632 --- [SportSwearShopSystem] [nio-8080-exec-2] o.s.web.servlet.DispatcherServlet        : Completed 200 OK
2026-06-15T23:55:26.310+07:00 DEBUG 24632 --- [SportSwearShopSystem] [nio-8080-exec-1] o.s.web.servlet.DispatcherServlet        : GET "/api/admin/users", parameters={}
2026-06-15T23:55:26.311+07:00 DEBUG 24632 --- [SportSwearShopSystem] [nio-8080-exec-1] s.w.s.m.m.a.RequestMappingHandlerMapping : Mapped to com.team6.ecommercesystem.controller.UserController#getAllUsers()
2026-06-15T23:55:26.312+07:00 DEBUG 24632 --- [SportSwearShopSystem] [nio-8080-exec-1] .m.m.a.ExceptionHandlerExceptionResolver : Using @ExceptionHandler com.team6.ecommercesystem.utils.GlobalExceptionHandler#handleException(Exception)
org.springframework.security.access.AccessDeniedException: Access Denied
	at org.springframework.security.authorization.method.AuthorizationManagerBeforeMethodInterceptor.attemptAuthorization(AuthorizationManagerBeforeMethodInterceptor.java:256)
	at org.springframework.security.authorization.method.AuthorizationManagerBeforeMethodInterceptor.invoke(AuthorizationManagerBeforeMethodInterceptor.java:197)
	at org.springframework.aop.framework.ReflectiveMethodInvocation.proceed(ReflectiveMethodInvocation.java:184)
	at org.springframework.aop.framework.CglibAopProxy$CglibMethodInvocation.proceed(CglibAopProxy.java:768)
	at org.springframework.aop.framework.CglibAopProxy$DynamicAdvisedInterceptor.intercept(CglibAopProxy.java:720)
	at com.team6.ecommercesystem.controller.UserController$$SpringCGLIB$$0.getAllUsers(<generated>)
	at java.base/jdk.internal.reflect.DirectMethodHandleAccessor.invoke(DirectMethodHandleAccessor.java:103)
	at java.base/java.lang.reflect.Method.invoke(Method.java:580)
	at org.springframework.web.method.support.InvocableHandlerMethod.doInvoke(InvocableHandlerMethod.java:255)
	at org.springframework.web.method.support.InvocableHandlerMethod.invokeForRequest(InvocableHandlerMethod.java:188)
	at org.springframework.web.servlet.mvc.method.annotation.ServletInvocableHandlerMethod.invokeAndHandle(ServletInvocableHandlerMethod.java:118)
	at org.springframework.web.servlet.mvc.method.annotation.RequestMappingHandlerAdapter.invokeHandlerMethod(RequestMappingHandlerAdapter.java:926)
	at org.springframework.web.servlet.mvc.method.annotation.RequestMappingHandlerAdapter.handleInternal(RequestMappingHandlerAdapter.java:831)
	at org.springframework.web.servlet.mvc.method.AbstractHandlerMethodAdapter.handle(AbstractHandlerMethodAdapter.java:87)
	at org.springframework.web.servlet.DispatcherServlet.doDispatch(DispatcherServlet.java:1089)
	at org.springframework.web.servlet.DispatcherServlet.doService(DispatcherServlet.java:979)
	at org.springframework.web.servlet.FrameworkServlet.processRequest(FrameworkServlet.java:1014)
	at org.springframework.web.servlet.FrameworkServlet.doGet(FrameworkServlet.java:903)
	at jakarta.servlet.http.HttpServlet.service(HttpServlet.java:564)
	at org.springframework.web.servlet.FrameworkServlet.service(FrameworkServlet.java:885)
	at jakarta.servlet.http.HttpServlet.service(HttpServlet.java:658)
	at org.apache.catalina.core.ApplicationFilterChain.internalDoFilter(ApplicationFilterChain.java:195)
	at org.apache.catalina.core.ApplicationFilterChain.doFilter(ApplicationFilterChain.java:140)
	at org.apache.tomcat.websocket.server.WsFilter.doFilter(WsFilter.java:51)
	at org.apache.catalina.core.ApplicationFilterChain.internalDoFilter(ApplicationFilterChain.java:164)
	at org.apache.catalina.core.ApplicationFilterChain.doFilter(ApplicationFilterChain.java:140)
	at org.springframework.web.filter.CompositeFilter$VirtualFilterChain.doFilter(CompositeFilter.java:108)
	at org.springframework.security.web.FilterChainProxy.lambda$doFilterInternal$3(FilterChainProxy.java:231)
	at org.springframework.security.web.FilterChainProxy$VirtualFilterChain.doFilter(FilterChainProxy.java:365)
	at org.springframework.security.web.access.intercept.AuthorizationFilter.doFilter(AuthorizationFilter.java:100)
	at org.springframework.security.web.FilterChainProxy$VirtualFilterChain.doFilter(FilterChainProxy.java:374)
	at org.springframework.security.web.access.ExceptionTranslationFilter.doFilter(ExceptionTranslationFilter.java:126)
	at org.springframework.security.web.access.ExceptionTranslationFilter.doFilter(ExceptionTranslationFilter.java:120)
	at org.springframework.security.web.FilterChainProxy$VirtualFilterChain.doFilter(FilterChainProxy.java:374)
	at org.springframework.security.web.authentication.AnonymousAuthenticationFilter.doFilter(AnonymousAuthenticationFilter.java:100)
	at org.springframework.security.web.FilterChainProxy$VirtualFilterChain.doFilter(FilterChainProxy.java:374)
	at org.springframework.security.web.servletapi.SecurityContextHolderAwareRequestFilter.doFilter(SecurityContextHolderAwareRequestFilter.java:179)
	at org.springframework.security.web.FilterChainProxy$VirtualFilterChain.doFilter(FilterChainProxy.java:374)
	at org.springframework.security.web.savedrequest.RequestCacheAwareFilter.doFilter(RequestCacheAwareFilter.java:63)
	at org.springframework.security.web.FilterChainProxy$VirtualFilterChain.doFilter(FilterChainProxy.java:374)
	at org.springframework.security.oauth2.server.resource.web.authentication.BearerTokenAuthenticationFilter.doFilterInternal(BearerTokenAuthenticationFilter.java:145)
	at org.springframework.web.filter.OncePerRequestFilter.doFilter(OncePerRequestFilter.java:116)
	at org.springframework.security.web.FilterChainProxy$VirtualFilterChain.doFilter(FilterChainProxy.java:374)
	at org.springframework.security.web.authentication.logout.LogoutFilter.doFilter(LogoutFilter.java:107)
	at org.springframework.security.web.authentication.logout.LogoutFilter.doFilter(LogoutFilter.java:93)
	at org.springframework.security.web.FilterChainProxy$VirtualFilterChain.doFilter(FilterChainProxy.java:374)
	at org.springframework.web.filter.CorsFilter.doFilterInternal(CorsFilter.java:91)
	at org.springframework.web.filter.OncePerRequestFilter.doFilter(OncePerRequestFilter.java:116)
	at org.springframework.security.web.FilterChainProxy$VirtualFilterChain.doFilter(FilterChainProxy.java:374)
	at org.springframework.security.web.header.HeaderWriterFilter.doHeadersAfter(HeaderWriterFilter.java:90)
	at org.springframework.security.web.header.HeaderWriterFilter.doFilterInternal(HeaderWriterFilter.java:75)
	at org.springframework.web.filter.OncePerRequestFilter.doFilter(OncePerRequestFilter.java:116)
	at org.springframework.security.web.FilterChainProxy$VirtualFilterChain.doFilter(FilterChainProxy.java:374)
	at org.springframework.security.web.context.SecurityContextHolderFilter.doFilter(SecurityContextHolderFilter.java:82)
	at org.springframework.security.web.context.SecurityContextHolderFilter.doFilter(SecurityContextHolderFilter.java:69)
	at org.springframework.security.web.FilterChainProxy$VirtualFilterChain.doFilter(FilterChainProxy.java:374)
	at org.springframework.security.web.context.request.async.WebAsyncManagerIntegrationFilter.doFilterInternal(WebAsyncManagerIntegrationFilter.java:62)
	at org.springframework.web.filter.OncePerRequestFilter.doFilter(OncePerRequestFilter.java:116)
	at org.springframework.security.web.FilterChainProxy$VirtualFilterChain.doFilter(FilterChainProxy.java:374)
	at org.springframework.security.web.session.DisableEncodeUrlFilter.doFilterInternal(DisableEncodeUrlFilter.java:42)
	at org.springframework.web.filter.OncePerRequestFilter.doFilter(OncePerRequestFilter.java:116)
	at org.springframework.security.web.FilterChainProxy$VirtualFilterChain.doFilter(FilterChainProxy.java:374)
	at org.springframework.security.web.FilterChainProxy.doFilterInternal(FilterChainProxy.java:233)
	at org.springframework.security.web.FilterChainProxy.doFilter(FilterChainProxy.java:191)
	at org.springframework.web.filter.CompositeFilter$VirtualFilterChain.doFilter(CompositeFilter.java:113)
	at org.springframework.web.servlet.handler.HandlerMappingIntrospector.lambda$createCacheFilter$3(HandlerMappingIntrospector.java:195)
	at org.springframework.web.filter.CompositeFilter$VirtualFilterChain.doFilter(CompositeFilter.java:113)
	at org.springframework.web.filter.CompositeFilter.doFilter(CompositeFilter.java:74)
	at org.springframework.security.config.annotation.web.configuration.WebMvcSecurityConfiguration$CompositeFilterChainProxy.doFilter(WebMvcSecurityConfiguration.java:230)
	at org.springframework.web.filter.DelegatingFilterProxy.invokeDelegate(DelegatingFilterProxy.java:352)
	at org.springframework.web.filter.DelegatingFilterProxy.doFilter(DelegatingFilterProxy.java:268)
	at org.apache.catalina.core.ApplicationFilterChain.internalDoFilter(ApplicationFilterChain.java:164)
	at org.apache.catalina.core.ApplicationFilterChain.doFilter(ApplicationFilterChain.java:140)
	at org.springframework.web.filter.RequestContextFilter.doFilterInternal(RequestContextFilter.java:100)
	at org.springframework.web.filter.OncePerRequestFilter.doFilter(OncePerRequestFilter.java:116)
	at org.apache.catalina.core.ApplicationFilterChain.internalDoFilter(ApplicationFilterChain.java:164)
	at org.apache.catalina.core.ApplicationFilterChain.doFilter(ApplicationFilterChain.java:140)
	at org.springframework.web.filter.FormContentFilter.doFilterInternal(FormContentFilter.java:93)
	at org.springframework.web.filter.OncePerRequestFilter.doFilter(OncePerRequestFilter.java:116)
	at org.apache.catalina.core.ApplicationFilterChain.internalDoFilter(ApplicationFilterChain.java:164)
	at org.apache.catalina.core.ApplicationFilterChain.doFilter(ApplicationFilterChain.java:140)
	at org.springframework.web.filter.CharacterEncodingFilter.doFilterInternal(CharacterEncodingFilter.java:201)
	at org.springframework.web.filter.OncePerRequestFilter.doFilter(OncePerRequestFilter.java:116)
	at org.apache.catalina.core.ApplicationFilterChain.internalDoFilter(ApplicationFilterChain.java:164)
	at org.apache.catalina.core.ApplicationFilterChain.doFilter(ApplicationFilterChain.java:140)
	at org.apache.catalina.core.StandardWrapperValve.invoke(StandardWrapperValve.java:167)
	at org.apache.catalina.core.StandardContextValve.invoke(StandardContextValve.java:90)
	at org.apache.catalina.authenticator.AuthenticatorBase.invoke(AuthenticatorBase.java:482)
	at org.apache.catalina.core.StandardHostValve.invoke(StandardHostValve.java:115)
	at org.apache.catalina.valves.ErrorReportValve.invoke(ErrorReportValve.java:93)
	at org.apache.catalina.core.StandardEngineValve.invoke(StandardEngineValve.java:74)
	at org.apache.catalina.connector.CoyoteAdapter.service(CoyoteAdapter.java:344)
	at org.apache.coyote.http11.Http11Processor.service(Http11Processor.java:389)
	at org.apache.coyote.AbstractProcessorLight.process(AbstractProcessorLight.java:63)
	at org.apache.coyote.AbstractProtocol$ConnectionHandler.process(AbstractProtocol.java:896)
	at org.apache.tomcat.util.net.NioEndpoint$SocketProcessor.doRun(NioEndpoint.java:1741)
	at org.apache.tomcat.util.net.SocketProcessorBase.run(SocketProcessorBase.java:52)
	at org.apache.tomcat.util.threads.ThreadPoolExecutor.runWorker(ThreadPoolExecutor.java:1190)
	at org.apache.tomcat.util.threads.ThreadPoolExecutor$Worker.run(ThreadPoolExecutor.java:659)
	at org.apache.tomcat.util.threads.TaskThread$WrappingRunnable.run(TaskThread.java:63)
	at java.base/java.lang.Thread.run(Thread.java:1583)
2026-06-15T23:55:26.339+07:00 DEBUG 24632 --- [SportSwearShopSystem] [nio-8080-exec-1] o.s.w.s.m.m.a.HttpEntityMethodProcessor  : Using 'application/json', given [*/*] and supported [application/json, application/*+json]
2026-06-15T23:55:26.340+07:00 DEBUG 24632 --- [SportSwearShopSystem] [nio-8080-exec-1] o.s.w.s.m.m.a.HttpEntityMethodProcessor  : Writing [ErrorResponse(status=500, error=Internal Server Error, message=Access Denied, timestamp=2026-06-15T2 (truncated)...]
2026-06-15T23:55:26.341+07:00 DEBUG 24632 --- [SportSwearShopSystem] [nio-8080-exec-1] .m.m.a.ExceptionHandlerExceptionResolver : Resolved [org.springframework.security.access.AccessDeniedException: Access Denied]
2026-06-15T23:55:26.341+07:00 DEBUG 24632 --- [SportSwearShopSystem] [nio-8080-exec-1] o.s.web.servlet.DispatcherServlet        : Completed 500 INTERNAL_SERVER_ERROR
2026-06-15T23:55:26.349+07:00 DEBUG 24632 --- [SportSwearShopSystem] [nio-8080-exec-4] o.s.web.servlet.DispatcherServlet        : POST "/api/auth/login", parameters={}
2026-06-15T23:55:26.349+07:00 DEBUG 24632 --- [SportSwearShopSystem] [nio-8080-exec-4] s.w.s.m.m.a.RequestMappingHandlerMapping : Mapped to com.team6.ecommercesystem.controller.AuthenticationController#login(LoginRequest)
2026-06-15T23:55:26.351+07:00 DEBUG 24632 --- [SportSwearShopSystem] [nio-8080-exec-4] m.m.a.RequestResponseBodyMethodProcessor : Read "application/json;charset=UTF-8" to [com.team6.ecommercesystem.dto.request.LoginRequest@7ceb57cf]
2026-06-15T23:55:26.353+07:00  INFO 24632 --- [SportSwearShopSystem] [nio-8080-exec-4] c.t.e.c.AuthenticationController         : Login request received for email: member@example.com
2026-06-15T23:55:26.354+07:00  INFO 24632 --- [SportSwearShopSystem] [nio-8080-exec-4] c.t.e.service.AuthenticationServiceImpl  : Login attempt for email: member@example.com
2026-06-15T23:55:26.356+07:00 DEBUG 24632 --- [SportSwearShopSystem] [nio-8080-exec-4] org.hibernate.SQL                        : 
    select
        u1_0.id,
        u1_0.created_at,
        u1_0.email,
        u1_0.failed_login_attempts,
        u1_0.full_name,
        u1_0.last_login_date,
        u1_0.last_password_change_date,
        u1_0.lock_time,
        u1_0.password,
        u1_0.phone_number,
        u1_0.role_id,
        u1_0.status 
    from
        users u1_0 
    where
        u1_0.email=?
Hibernate: 
    select
        u1_0.id,
        u1_0.created_at,
        u1_0.email,
        u1_0.failed_login_attempts,
        u1_0.full_name,
        u1_0.last_login_date,
        u1_0.last_password_change_date,
        u1_0.lock_time,
        u1_0.password,
        u1_0.phone_number,
        u1_0.role_id,
        u1_0.status 
    from
        users u1_0 
    where
        u1_0.email=?
2026-06-15T23:55:26.364+07:00 DEBUG 24632 --- [SportSwearShopSystem] [nio-8080-exec-4] org.hibernate.SQL                        : 
    select
        u1_0.id,
        u1_0.created_at,
        u1_0.email,
        u1_0.failed_login_attempts,
        u1_0.full_name,
        u1_0.last_login_date,
        u1_0.last_password_change_date,
        u1_0.lock_time,
        u1_0.password,
        u1_0.phone_number,
        u1_0.role_id,
        u1_0.status 
    from
        users u1_0 
    where
        u1_0.email=?
Hibernate: 
    select
        u1_0.id,
        u1_0.created_at,
        u1_0.email,
        u1_0.failed_login_attempts,
        u1_0.full_name,
        u1_0.last_login_date,
        u1_0.last_password_change_date,
        u1_0.lock_time,
        u1_0.password,
        u1_0.phone_number,
        u1_0.role_id,
        u1_0.status 
    from
        users u1_0 
    where
        u1_0.email=?
2026-06-15T23:55:27.279+07:00 DEBUG 24632 --- [SportSwearShopSystem] [nio-8080-exec-4] org.hibernate.SQL                        : 
    select
        r1_0.role_id,
        r1_0.role_code,
        r1_0.role_description,
        r1_0.role_name 
    from
        roles r1_0 
    where
        r1_0.role_id=?
Hibernate: 
    select
        r1_0.role_id,
        r1_0.role_code,
        r1_0.role_description,
        r1_0.role_name 
    from
        roles r1_0 
    where
        r1_0.role_id=?
2026-06-15T23:55:27.281+07:00  INFO 24632 --- [SportSwearShopSystem] [nio-8080-exec-4] c.t.e.service.AuthenticationServiceImpl  : User authenticated successfully: member@example.com
2026-06-15T23:55:27.283+07:00 DEBUG 24632 --- [SportSwearShopSystem] [nio-8080-exec-4] org.hibernate.SQL                        : 
    insert 
    into
        valid_refresh_tokens
        (created_at, expired_time, jwt_id, revoked, user_id) 
    values
        (?, ?, ?, ?, ?)
Hibernate: 
    insert 
    into
        valid_refresh_tokens
        (created_at, expired_time, jwt_id, revoked, user_id) 
    values
        (?, ?, ?, ?, ?)
2026-06-15T23:55:27.326+07:00 DEBUG 24632 --- [SportSwearShopSystem] [nio-8080-exec-4] o.s.w.s.m.m.a.HttpEntityMethodProcessor  : Using 'application/json', given [*/*] and supported [application/json, application/*+json]
2026-06-15T23:55:27.327+07:00 DEBUG 24632 --- [SportSwearShopSystem] [nio-8080-exec-4] o.s.w.s.m.m.a.HttpEntityMethodProcessor  : Writing [com.team6.ecommercesystem.dto.response.LoginResponse@6eba87e9]
2026-06-15T23:55:27.328+07:00 DEBUG 24632 --- [SportSwearShopSystem] [nio-8080-exec-4] o.s.web.servlet.DispatcherServlet        : Completed 200 OK
2026-06-15T23:55:27.333+07:00 DEBUG 24632 --- [SportSwearShopSystem] [nio-8080-exec-3] o.s.web.servlet.DispatcherServlet        : GET "/api/admin/users", parameters={}
2026-06-15T23:55:27.334+07:00 DEBUG 24632 --- [SportSwearShopSystem] [nio-8080-exec-3] s.w.s.m.m.a.RequestMappingHandlerMapping : Mapped to com.team6.ecommercesystem.controller.UserController#getAllUsers()
2026-06-15T23:55:27.335+07:00 DEBUG 24632 --- [SportSwearShopSystem] [nio-8080-exec-3] .m.m.a.ExceptionHandlerExceptionResolver : Using @ExceptionHandler com.team6.ecommercesystem.utils.GlobalExceptionHandler#handleException(Exception)
org.springframework.security.access.AccessDeniedException: Access Denied
	at org.springframework.security.authorization.method.AuthorizationManagerBeforeMethodInterceptor.attemptAuthorization(AuthorizationManagerBeforeMethodInterceptor.java:256)
	at org.springframework.security.authorization.method.AuthorizationManagerBeforeMethodInterceptor.invoke(AuthorizationManagerBeforeMethodInterceptor.java:197)
	at org.springframework.aop.framework.ReflectiveMethodInvocation.proceed(ReflectiveMethodInvocation.java:184)
	at org.springframework.aop.framework.CglibAopProxy$CglibMethodInvocation.proceed(CglibAopProxy.java:768)
	at org.springframework.aop.framework.CglibAopProxy$DynamicAdvisedInterceptor.intercept(CglibAopProxy.java:720)
	at com.team6.ecommercesystem.controller.UserController$$SpringCGLIB$$0.getAllUsers(<generated>)
	at java.base/jdk.internal.reflect.DirectMethodHandleAccessor.invoke(DirectMethodHandleAccessor.java:103)
	at java.base/java.lang.reflect.Method.invoke(Method.java:580)
	at org.springframework.web.method.support.InvocableHandlerMethod.doInvoke(InvocableHandlerMethod.java:255)
	at org.springframework.web.method.support.InvocableHandlerMethod.invokeForRequest(InvocableHandlerMethod.java:188)
	at org.springframework.web.servlet.mvc.method.annotation.ServletInvocableHandlerMethod.invokeAndHandle(ServletInvocableHandlerMethod.java:118)
	at org.springframework.web.servlet.mvc.method.annotation.RequestMappingHandlerAdapter.invokeHandlerMethod(RequestMappingHandlerAdapter.java:926)
	at org.springframework.web.servlet.mvc.method.annotation.RequestMappingHandlerAdapter.handleInternal(RequestMappingHandlerAdapter.java:831)
	at org.springframework.web.servlet.mvc.method.AbstractHandlerMethodAdapter.handle(AbstractHandlerMethodAdapter.java:87)
	at org.springframework.web.servlet.DispatcherServlet.doDispatch(DispatcherServlet.java:1089)
	at org.springframework.web.servlet.DispatcherServlet.doService(DispatcherServlet.java:979)
	at org.springframework.web.servlet.FrameworkServlet.processRequest(FrameworkServlet.java:1014)
	at org.springframework.web.servlet.FrameworkServlet.doGet(FrameworkServlet.java:903)
	at jakarta.servlet.http.HttpServlet.service(HttpServlet.java:564)
	at org.springframework.web.servlet.FrameworkServlet.service(FrameworkServlet.java:885)
	at jakarta.servlet.http.HttpServlet.service(HttpServlet.java:658)
	at org.apache.catalina.core.ApplicationFilterChain.internalDoFilter(ApplicationFilterChain.java:195)
	at org.apache.catalina.core.ApplicationFilterChain.doFilter(ApplicationFilterChain.java:140)
	at org.apache.tomcat.websocket.server.WsFilter.doFilter(WsFilter.java:51)
	at org.apache.catalina.core.ApplicationFilterChain.internalDoFilter(ApplicationFilterChain.java:164)
	at org.apache.catalina.core.ApplicationFilterChain.doFilter(ApplicationFilterChain.java:140)
	at org.springframework.web.filter.CompositeFilter$VirtualFilterChain.doFilter(CompositeFilter.java:108)
	at org.springframework.security.web.FilterChainProxy.lambda$doFilterInternal$3(FilterChainProxy.java:231)
	at org.springframework.security.web.FilterChainProxy$VirtualFilterChain.doFilter(FilterChainProxy.java:365)
	at org.springframework.security.web.access.intercept.AuthorizationFilter.doFilter(AuthorizationFilter.java:100)
	at org.springframework.security.web.FilterChainProxy$VirtualFilterChain.doFilter(FilterChainProxy.java:374)
	at org.springframework.security.web.access.ExceptionTranslationFilter.doFilter(ExceptionTranslationFilter.java:126)
	at org.springframework.security.web.access.ExceptionTranslationFilter.doFilter(ExceptionTranslationFilter.java:120)
	at org.springframework.security.web.FilterChainProxy$VirtualFilterChain.doFilter(FilterChainProxy.java:374)
	at org.springframework.security.web.authentication.AnonymousAuthenticationFilter.doFilter(AnonymousAuthenticationFilter.java:100)
	at org.springframework.security.web.FilterChainProxy$VirtualFilterChain.doFilter(FilterChainProxy.java:374)
	at org.springframework.security.web.servletapi.SecurityContextHolderAwareRequestFilter.doFilter(SecurityContextHolderAwareRequestFilter.java:179)
	at org.springframework.security.web.FilterChainProxy$VirtualFilterChain.doFilter(FilterChainProxy.java:374)
	at org.springframework.security.web.savedrequest.RequestCacheAwareFilter.doFilter(RequestCacheAwareFilter.java:63)
	at org.springframework.security.web.FilterChainProxy$VirtualFilterChain.doFilter(FilterChainProxy.java:374)
	at org.springframework.security.oauth2.server.resource.web.authentication.BearerTokenAuthenticationFilter.doFilterInternal(BearerTokenAuthenticationFilter.java:145)
	at org.springframework.web.filter.OncePerRequestFilter.doFilter(OncePerRequestFilter.java:116)
	at org.springframework.security.web.FilterChainProxy$VirtualFilterChain.doFilter(FilterChainProxy.java:374)
	at org.springframework.security.web.authentication.logout.LogoutFilter.doFilter(LogoutFilter.java:107)
	at org.springframework.security.web.authentication.logout.LogoutFilter.doFilter(LogoutFilter.java:93)
	at org.springframework.security.web.FilterChainProxy$VirtualFilterChain.doFilter(FilterChainProxy.java:374)
	at org.springframework.web.filter.CorsFilter.doFilterInternal(CorsFilter.java:91)
	at org.springframework.web.filter.OncePerRequestFilter.doFilter(OncePerRequestFilter.java:116)
	at org.springframework.security.web.FilterChainProxy$VirtualFilterChain.doFilter(FilterChainProxy.java:374)
	at org.springframework.security.web.header.HeaderWriterFilter.doHeadersAfter(HeaderWriterFilter.java:90)
	at org.springframework.security.web.header.HeaderWriterFilter.doFilterInternal(HeaderWriterFilter.java:75)
	at org.springframework.web.filter.OncePerRequestFilter.doFilter(OncePerRequestFilter.java:116)
	at org.springframework.security.web.FilterChainProxy$VirtualFilterChain.doFilter(FilterChainProxy.java:374)
	at org.springframework.security.web.context.SecurityContextHolderFilter.doFilter(SecurityContextHolderFilter.java:82)
	at org.springframework.security.web.context.SecurityContextHolderFilter.doFilter(SecurityContextHolderFilter.java:69)
	at org.springframework.security.web.FilterChainProxy$VirtualFilterChain.doFilter(FilterChainProxy.java:374)
	at org.springframework.security.web.context.request.async.WebAsyncManagerIntegrationFilter.doFilterInternal(WebAsyncManagerIntegrationFilter.java:62)
	at org.springframework.web.filter.OncePerRequestFilter.doFilter(OncePerRequestFilter.java:116)
	at org.springframework.security.web.FilterChainProxy$VirtualFilterChain.doFilter(FilterChainProxy.java:374)
	at org.springframework.security.web.session.DisableEncodeUrlFilter.doFilterInternal(DisableEncodeUrlFilter.java:42)
	at org.springframework.web.filter.OncePerRequestFilter.doFilter(OncePerRequestFilter.java:116)
	at org.springframework.security.web.FilterChainProxy$VirtualFilterChain.doFilter(FilterChainProxy.java:374)
	at org.springframework.security.web.FilterChainProxy.doFilterInternal(FilterChainProxy.java:233)
	at org.springframework.security.web.FilterChainProxy.doFilter(FilterChainProxy.java:191)
	at org.springframework.web.filter.CompositeFilter$VirtualFilterChain.doFilter(CompositeFilter.java:113)
	at org.springframework.web.servlet.handler.HandlerMappingIntrospector.lambda$createCacheFilter$3(HandlerMappingIntrospector.java:195)
	at org.springframework.web.filter.CompositeFilter$VirtualFilterChain.doFilter(CompositeFilter.java:113)
	at org.springframework.web.filter.CompositeFilter.doFilter(CompositeFilter.java:74)
	at org.springframework.security.config.annotation.web.configuration.WebMvcSecurityConfiguration$CompositeFilterChainProxy.doFilter(WebMvcSecurityConfiguration.java:230)
	at org.springframework.web.filter.DelegatingFilterProxy.invokeDelegate(DelegatingFilterProxy.java:352)
	at org.springframework.web.filter.DelegatingFilterProxy.doFilter(DelegatingFilterProxy.java:268)
	at org.apache.catalina.core.ApplicationFilterChain.internalDoFilter(ApplicationFilterChain.java:164)
	at org.apache.catalina.core.ApplicationFilterChain.doFilter(ApplicationFilterChain.java:140)
	at org.springframework.web.filter.RequestContextFilter.doFilterInternal(RequestContextFilter.java:100)
	at org.springframework.web.filter.OncePerRequestFilter.doFilter(OncePerRequestFilter.java:116)
	at org.apache.catalina.core.ApplicationFilterChain.internalDoFilter(ApplicationFilterChain.java:164)
	at org.apache.catalina.core.ApplicationFilterChain.doFilter(ApplicationFilterChain.java:140)
	at org.springframework.web.filter.FormContentFilter.doFilterInternal(FormContentFilter.java:93)
	at org.springframework.web.filter.OncePerRequestFilter.doFilter(OncePerRequestFilter.java:116)
	at org.apache.catalina.core.ApplicationFilterChain.internalDoFilter(ApplicationFilterChain.java:164)
	at org.apache.catalina.core.ApplicationFilterChain.doFilter(ApplicationFilterChain.java:140)
	at org.springframework.web.filter.CharacterEncodingFilter.doFilterInternal(CharacterEncodingFilter.java:201)
	at org.springframework.web.filter.OncePerRequestFilter.doFilter(OncePerRequestFilter.java:116)
	at org.apache.catalina.core.ApplicationFilterChain.internalDoFilter(ApplicationFilterChain.java:164)
	at org.apache.catalina.core.ApplicationFilterChain.doFilter(ApplicationFilterChain.java:140)
	at org.apache.catalina.core.StandardWrapperValve.invoke(StandardWrapperValve.java:167)
	at org.apache.catalina.core.StandardContextValve.invoke(StandardContextValve.java:90)
	at org.apache.catalina.authenticator.AuthenticatorBase.invoke(AuthenticatorBase.java:482)
	at org.apache.catalina.core.StandardHostValve.invoke(StandardHostValve.java:115)
	at org.apache.catalina.valves.ErrorReportValve.invoke(ErrorReportValve.java:93)
	at org.apache.catalina.core.StandardEngineValve.invoke(StandardEngineValve.java:74)
	at org.apache.catalina.connector.CoyoteAdapter.service(CoyoteAdapter.java:344)
	at org.apache.coyote.http11.Http11Processor.service(Http11Processor.java:389)
	at org.apache.coyote.AbstractProcessorLight.process(AbstractProcessorLight.java:63)
	at org.apache.coyote.AbstractProtocol$ConnectionHandler.process(AbstractProtocol.java:896)
	at org.apache.tomcat.util.net.NioEndpoint$SocketProcessor.doRun(NioEndpoint.java:1741)
	at org.apache.tomcat.util.net.SocketProcessorBase.run(SocketProcessorBase.java:52)
	at org.apache.tomcat.util.threads.ThreadPoolExecutor.runWorker(ThreadPoolExecutor.java:1190)
	at org.apache.tomcat.util.threads.ThreadPoolExecutor$Worker.run(ThreadPoolExecutor.java:659)
	at org.apache.tomcat.util.threads.TaskThread$WrappingRunnable.run(TaskThread.java:63)
	at java.base/java.lang.Thread.run(Thread.java:1583)
2026-06-15T23:55:27.356+07:00 DEBUG 24632 --- [SportSwearShopSystem] [nio-8080-exec-3] o.s.w.s.m.m.a.HttpEntityMethodProcessor  : Using 'application/json', given [*/*] and supported [application/json, application/*+json]
2026-06-15T23:55:27.357+07:00 DEBUG 24632 --- [SportSwearShopSystem] [nio-8080-exec-3] o.s.w.s.m.m.a.HttpEntityMethodProcessor  : Writing [ErrorResponse(status=500, error=Internal Server Error, message=Access Denied, timestamp=2026-06-15T2 (truncated)...]
2026-06-15T23:55:27.358+07:00 DEBUG 24632 --- [SportSwearShopSystem] [nio-8080-exec-3] .m.m.a.ExceptionHandlerExceptionResolver : Resolved [org.springframework.security.access.AccessDeniedException: Access Denied]
2026-06-15T23:55:27.358+07:00 DEBUG 24632 --- [SportSwearShopSystem] [nio-8080-exec-3] o.s.web.servlet.DispatcherServlet        : Completed 500 INTERNAL_SERVER_ERROR
2026-06-16T00:02:03.224+07:00 DEBUG 24632 --- [SportSwearShopSystem] [nio-8080-exec-8] o.s.web.servlet.DispatcherServlet        : POST "/api/auth/login", parameters={}
2026-06-16T00:02:03.412+07:00 DEBUG 24632 --- [SportSwearShopSystem] [nio-8080-exec-8] s.w.s.m.m.a.RequestMappingHandlerMapping : Mapped to com.team6.ecommercesystem.controller.AuthenticationController#login(LoginRequest)
2026-06-16T00:02:03.837+07:00 DEBUG 24632 --- [SportSwearShopSystem] [nio-8080-exec-8] m.m.a.RequestResponseBodyMethodProcessor : Read "application/json;charset=UTF-8" to [com.team6.ecommercesystem.dto.request.LoginRequest@52d5ec87]
2026-06-16T00:02:03.906+07:00  INFO 24632 --- [SportSwearShopSystem] [nio-8080-exec-8] c.t.e.c.AuthenticationController         : Login request received for email: shopstaff@example.com
2026-06-16T00:02:04.125+07:00  INFO 24632 --- [SportSwearShopSystem] [nio-8080-exec-8] c.t.e.service.AuthenticationServiceImpl  : Login attempt for email: shopstaff@example.com
2026-06-16T00:02:04.587+07:00 DEBUG 24632 --- [SportSwearShopSystem] [nio-8080-exec-8] org.hibernate.SQL                        : 
    select
        u1_0.id,
        u1_0.created_at,
        u1_0.email,
        u1_0.failed_login_attempts,
        u1_0.full_name,
        u1_0.last_login_date,
        u1_0.last_password_change_date,
        u1_0.lock_time,
        u1_0.password,
        u1_0.phone_number,
        u1_0.role_id,
        u1_0.status 
    from
        users u1_0 
    where
        u1_0.email=?
Hibernate: 
    select
        u1_0.id,
        u1_0.created_at,
        u1_0.email,
        u1_0.failed_login_attempts,
        u1_0.full_name,
        u1_0.last_login_date,
        u1_0.last_password_change_date,
        u1_0.lock_time,
        u1_0.password,
        u1_0.phone_number,
        u1_0.role_id,
        u1_0.status 
    from
        users u1_0 
    where
        u1_0.email=?
2026-06-16T00:02:04.886+07:00 DEBUG 24632 --- [SportSwearShopSystem] [nio-8080-exec-8] org.hibernate.SQL                        : 
    select
        u1_0.id,
        u1_0.created_at,
        u1_0.email,
        u1_0.failed_login_attempts,
        u1_0.full_name,
        u1_0.last_login_date,
        u1_0.last_password_change_date,
        u1_0.lock_time,
        u1_0.password,
        u1_0.phone_number,
        u1_0.role_id,
        u1_0.status 
    from
        users u1_0 
    where
        u1_0.email=?
Hibernate: 
    select
        u1_0.id,
        u1_0.created_at,
        u1_0.email,
        u1_0.failed_login_attempts,
        u1_0.full_name,
        u1_0.last_login_date,
        u1_0.last_password_change_date,
        u1_0.lock_time,
        u1_0.password,
        u1_0.phone_number,
        u1_0.role_id,
        u1_0.status 
    from
        users u1_0 
    where
        u1_0.email=?
2026-06-16T00:02:08.772+07:00 DEBUG 24632 --- [SportSwearShopSystem] [nio-8080-exec-8] org.hibernate.SQL                        : 
    select
        r1_0.role_id,
        r1_0.role_code,
        r1_0.role_description,
        r1_0.role_name 
    from
        roles r1_0 
    where
        r1_0.role_id=?
Hibernate: 
    select
        r1_0.role_id,
        r1_0.role_code,
        r1_0.role_description,
        r1_0.role_name 
    from
        roles r1_0 
    where
        r1_0.role_id=?
2026-06-16T00:02:08.793+07:00  INFO 24632 --- [SportSwearShopSystem] [nio-8080-exec-8] c.t.e.service.AuthenticationServiceImpl  : User authenticated successfully: shopstaff@example.com
2026-06-16T00:02:08.864+07:00 DEBUG 24632 --- [SportSwearShopSystem] [nio-8080-exec-8] org.hibernate.SQL                        : 
    insert 
    into
        valid_refresh_tokens
        (created_at, expired_time, jwt_id, revoked, user_id) 
    values
        (?, ?, ?, ?, ?)
Hibernate: 
    insert 
    into
        valid_refresh_tokens
        (created_at, expired_time, jwt_id, revoked, user_id) 
    values
        (?, ?, ?, ?, ?)
2026-06-16T00:02:08.948+07:00 DEBUG 24632 --- [SportSwearShopSystem] [nio-8080-exec-8] o.s.w.s.m.m.a.HttpEntityMethodProcessor  : Using 'application/json', given [*/*] and supported [application/json, application/*+json]
2026-06-16T00:02:08.952+07:00 DEBUG 24632 --- [SportSwearShopSystem] [nio-8080-exec-8] o.s.w.s.m.m.a.HttpEntityMethodProcessor  : Writing [com.team6.ecommercesystem.dto.response.LoginResponse@2993b5ee]
2026-06-16T00:02:08.968+07:00 DEBUG 24632 --- [SportSwearShopSystem] [nio-8080-exec-8] o.s.web.servlet.DispatcherServlet        : Completed 200 OK
